Name;Liczba bitew
Kingdom of France;28
Takeda Shingen;22
Spain;21
Dutch Republic;19
Kingdom of Great Britain;15
unknown;14
Napoleon;14
Oda Nobunaga;12
George Washington;12
Holy Roman Empire;12
Kingdom of Prussia;10
France;10
Charles Cornwallis, 1st Marquess Cornwallis;10
Prince Rupert of the Rhine;10
Tokugawa Ieyasu;10
Toyotomi Hideyoshi;10
Prince Eugene of Savoy;9
Nathanael Greene;9
Ahmad ibn Ibrahim al-Ghazi;9
Killed in action;9
Konishi Yukinaga;9
Frederick the Great;9
Benedict Arnold;8
Edward III of England;8
Michiel de Ruyter;8
Murakami Yoshikiyo;7
Shibata Katsuie;7
Richard Neville, 16th Earl of Warwick;7
Edward Hughes (Royal Navy officer);7
Charles I of England;7
Charles XII of Sweden;7
James Graham, 1st Marquess of Montrose;7
Johann Tserclaes, Count of Tilly;7
Joan of Arc;6
Kobayakawa Takakage;6
Jan Žižka;6
Hernando Pizarro;6
Gustavus Adolphus of Sweden;6
Habsburg Monarchy;6
Boris Sheremetev;6
Edward IV of England;6
Alasdair Mac Colla;6
Uesugi Kenshin;6
Uesugi Norimasa;6
Ukita Hideie;6
United States;6
Wakisaka Yasuharu;6
William Howe, 5th Viscount Howe;6
Louis-Joseph de Montcalm;6
Mehmed the Conqueror;6
Pierre André de Suffren;6
Prince Frederick, Duke of York and Albany;5
Oliver Cromwell;5
William III of England;5
Richard Neville, 5th Earl of Salisbury;5
Prince Charles Alexander of Lorraine;5
Robert Devereux, 3rd Earl of Essex;5
Samuel Hood, 1st Viscount Hood;5
Sweden;5
Yamamoto Kansuke (general);5
Yi Sun-sin;5
Benjamin Lincoln;5
?;5
Daniel Morgan;5
Francisco Pizarro;5
Ernst von Mansfeld;5
Charles the Bold;5
Henri de la Tour d'Auvergne, Vicomte de Turenne;5
Henry Clinton (American War of Independence);5
Guy Carleton, 1st Baron Dorchester;5
Guillaume Brune;5
Herman Willem Daendels;5
John Talbot, 1st Earl of Shrewsbury;5
Kakizaki Kageie;5
Kōsaka Masanobu;5
Louis, Grand Condé;5
John Hunyadi;5
John Churchill, 1st Duke of Marlborough;5
Jean Victor Marie Moreau;5
Jean-Baptiste Jourdan;4
Jean II d'Estrées;4
John Burgoyne;4
John Sullivan (general);4
Louis of Nassau;4
Kuki Yoshitaka;4
Kingdom of England;4
Katō Yoshiaki;4
Horatio Gates;4
James Stanhope, 1st Earl Stanhope;4
James II of England;4
Gottfried Heinrich Graf zu Pappenheim;4
Gonzalo Fernández de Córdoba (1585–1645);4
Gonzalo Pizarro;4
Henry Beaufort, 3rd Duke of Somerset;4
Gaspard II de Coligny;4
George Monck, 1st Duke of Albemarle;4
Cornelis Tromp;4
Count Leopold Joseph von Daun;4
Cristóvão da Gama;4
Carl Gustav Rehnskiöld;4
Charles I, Duke of Brittany;4
Bernardo de Gálvez;4
Ernst Gideon von Laudon;4
Edward, the Black Prince;4
Fernando Álvarez de Toledo, 3rd Duke of Alba;4
François Joseph Paul de Grasse;4
François Sébastien Charles Joseph de Croix, Count of Clerfayt;4
Denmark;4
Bayezid I;4
Bartolomeo d'Alviano;4
Akechi Mitsuhide;4
Won Gyun;4
William Waller;4
Suleiman the Magnificent;4
Simon Fraser of Balnain;4
Stephen III of Moldavia;4
Shimazu Yoshihiro;4
Sigismund, Holy Roman Emperor;4
Sō Yoshitoshi;4
Sébastien Le Prestre de Vauban;4
Tōdō Takatora;4
Takeda Katsuyori;4
Ottoman Empire;4
Philips van Almonde;4
Raimondo Montecuccoli;4
Maximilian II Emanuel, Elector of Bavaria;4
Maximilien de Hénin-Liétard;4
Michael von Melas;3
Nicolas Béhuchet;3
Maximilian Ulysses Browne;3
Maurice, Prince of Orange;3
Maarten Tromp;3
Louis William, Margrave of Baden-Baden;3
Luc Urbain de Bouëxic, comte de Guichen;3
Maeda Toshiie;3
Prince Josias of Saxe-Coburg-Saalfeld;3
Prince Georg Friedrich of Waldeck;3
Prince William, Duke of Cumberland;3
Philip V of Spain;3
Pierre Pouchot;3
Piet Pieterszoon Hein;3
Murad II;3
Peter the Great;3
Ogasawara Nagatoki;3
Paul Kray;3
Tachibana Muneshige;3
Tadeusz Kościuszko;3
Thomas Fairfax;3
Thomas Montacute, 4th Earl of Salisbury;3
Unknown/Various;3
William I of the Netherlands;3
William Alexander, Lord Stirling;3
William Baillie (soldier);3
Wilhelm von Knyphausen;3
Uesugi Kagekatsu;3
Selim I;3
Sakuma Nobumori;3
Sancho d'Avila;3
Robert the Bruce;3
Richard III of England;3
Richard of York, 3rd Duke of York;3
Stefan Czarniecki;3
Stanisław Koniecpolski;3
Yi_Il;3
Yi Eokgi;3
Archduke Leopold Wilhelm of Austria;3
Banastre Tarleton;3
Azai Nagamasa;3
Alexander Danilovich Menshikov;3
Alexander Suvorov;3
André Masséna;3
Adam Ludwig Lewenhaupt;3
Adriaen Banckert;3
Duke Ferdinand of Brunswick-Wolfenbüttel;3
Đurađ Branković;3
Diego de Almagro;3
Ebenezer Learned;3
Electorate of Saxony;3
François Louis de Rousselet, Marquis de Châteaurenault;3
Francis de Gaston, Chevalier de Levis;3
Francis Vere;3
Enoch Poor;3
Charles Bonaventure de Longueval, Count of Bucquoy;3
Charles Hector, comte d'Estaing;3
Charles Edward Stuart;3
Blue Jacket;3
Charles X Gustav of Sweden;3
Chōsokabe Motochika;3
Christian the Younger of Brunswick;3
Christian V of Denmark;3
George Brydges Rodney, 1st Baron Rodney;3
Frederick William, Elector of Brandenburg;3
Friedrich Adolf Riedesel;3
Henry III of France;3
Gerard Lake, 1st Viscount Lake;3
Grand Vizier;3
Guido Starhemberg;3
Horace Vere, 1st Baron Vere of Tilbury;3
Jasper Tudor, Duke of Bedford;3
Ishida Mitsunari;3
Hugues Quiéret;3
Hōjō Ujiyasu;3
Humphrey Stafford, 1st Duke of Buckingham;3
Henry Percy (Hotspur);3
Henry V of England;3
Henry VI of England;3
Katō Kiyomasa;3
Karl August, Prince of Waldeck and Pyrmont;3
Juan Pizarro (conquistador);3
Kuroda Nagamasa;3
La Hire;3
Lennart Torstensson;3
Louis Joseph, Duke of Vendôme;3
Louis François, Prince of Conti;3
Louis XIV of France;3
Lord George Murray (general);3
John Stewart, Earl of Buchan;3
John Hawkwood;3
John II Casimir Vasa;3
John III Sobieski;3
John Neville, 1st Marquess of Montagu;3
John de Vere, 13th Earl of Oxford;3
Jean II, Duke of Alençon;3
Jeffery Amherst, 1st Baron Amherst;3
Jezzar Pasha;2
Jean Poton de Xaintrailles;2
Janbirdi al-Ghazali;2
Jean de Vienne;2
Jean Joseph Amable Humbert;2
John Butler (pioneer);2
John Clifford, 9th Baron de Clifford;2
Johan Banér;2
Johan van Galen;2
Johan_B%C3%A4r;2
John I of Portugal;2
John Graham, 1st Viscount Dundee;2
John George I, Elector of Saxony;2
Jean-Baptiste Francois des Marets, marquis de Maillebois;2
John Stark;2
John of Lancaster, 1st Duke of Bedford;2
John Pitcairn;2
John VI Kantakouzenos;2
John VIII, Count of Harcourt;2
Kwon Yul;2
Louis François, duc de Boufflers;2
Lodewijk_van_Boisot;2
Lorentz Creutz;2
Louis Antoine de Bougainville;2
Louis, Prince of Condé (1530–1569);2
Louis II de la Trémoille;2
Lala Mustafa Pasha;2
Lala Şahin Pasha;2
Lazar of Serbia;2
Lachlan McIntosh;2
Konstanty Ostrogski;2
József Alvinczi;2
Juan de Lángara;2
Joseph Brant;2
Joseph Warren;2
Kingdom of Sardinia;2
Julian Romero;2
Kikkawa Motoharu;2
Kim_Eok-chu;2
Henry VII of England;2
Henry Percy, 1st Earl of Northumberland;2
Henry Percy, 2nd Earl of Northumberland;2
Henry Percy, 3rd Earl of Northumberland;2
Henry Knox;2
Hernán Cortés;2
Hernando de Soto;2
Hōjō Ujikuni;2
Hōjō Ujimasa;2
Henry II of Castile;2
Hōjō Ujitsuna;2
Imagawa Yoshimoto;2
Hosokawa Tadaoki;2
Humphrey de Bohun, 4th Earl of Hereford;2
Ii Naomasa;2
Israel Putnam;2
James Grant (British Army officer);2
James Hamilton, Duke of Châtellerault;2
James Abercrombie (British Army general);2
Jacob Heinrich von Flemming;2
Jacques de La Palice;2
Jacques François Dugommier;2
Jacques Marcus Prevost;2
James Scott, 1st Duke of Monmouth;2
James IV of Scotland;2
James Livingston (American Revolution);2
James Wolfe;2
Gaspard de Saulx;2
Hadım Sinan Pasha;2
Hans Georg von Arnim-Boitzenburg;2
Henry IV of France;2
Henry Holland, 3rd Duke of Exeter;2
Henry Appleton;2
Henry de Nassau, Lord Overkirk;2
Hattori Hanzō;2
Hector Munro, 8th laird of Novar;2
Frederick Henry, Prince of Orange;2
Frederick IV of Denmark;2
Frederick Schomberg, 1st Duke of Schomberg;2
Frederick the Fair;2
Friedrich Freiherr von Hotze;2
Gelawdewos;2
Georg Friedrich, Margrave of Baden-Durlach;2
Georg von Frundsberg;2
George Gordon, 4th Earl of Huntly;2
George Howe, 3rd Viscount Howe;2
George I, Earl of March;2
George Rooke;2
Gian Giacomo Trivulzio;2
Charles, Prince of Soubise;2
Charles XI of Sweden;2
Charles William Ferdinand, Duke of Brunswick-Wolfenbüttel;2
Charles Mawhood;2
Charles V, Duke of Lorraine;2
Charles V, Holy Roman Emperor;2
Christoph Bernhard von Galen;2
Claes Uggla;2
Claude Louis Hector de Villars;2
Bertrand du Guesclin;2
Charles Emmanuel III of Sardinia;2
Charles III, Duke of Bourbon;2
Charles IX of Sweden;2
Alexander Stewart, Earl of Mar;2
Cardinal-Infante Ferdinand of Austria;2
Carl Gustaf Armfeldt;2
Buckongahelas;2
Ethan Allen;2
Fernando d'Avalos;2
Filippo Maria Visconti;2
Fiodor Denisov;2
Fadrique Álvarez de Toledo, 1st Marquis of Villanueva de Valdueza;2
Ferdinand II of Aragon;2
Ferdinand of Majorca;2
Francis, Duke of Guise;2
Francis I of France;2
Francis Needham, 1st Earl of Kilmorey;2
Francis Rawdon-Hastings, 1st Marquess of Hastings;2
Ferdinand de Marsin;2
Francesco Bussone da Carmagnola;2
Fr. John Murphy;2
François de Neufville, duc de Villeroy;2
Francisco Verdugo;2
Edward Montagu, 2nd Earl of Manchester;2
Edward Spragge;2
Dragut;2
Edward II of England;2
Dominik von Königsegg-Rothenfels;2
Dagobert Sigmund von Wurmser;2
David Leslie, 1st Lord Newark;2
Dawit II;2
Adam Heinrich von Steinau;2
Afonso V of Portugal;2

Others;2
Andrew Trollope;2
Anthony Perry;2
Anthony Wayne;2
Alexander Leslie (British Army officer);2
Alexander Leslie, 1st Earl of Leven;2
Alfonso I d'Este, Duke of Ferrara;2
Aymer de Valence, 2nd Earl of Pembroke;2
Augustus William, Duke of Brunswick-Bevern;2
Baba Nobuharu;2
Araki Murashige;2
Archibald Douglas, 4th Earl of Douglas;2
Anne Hilarion de Tourville;2
António Luís de Meneses, 1st Marquis of Marialva;2
Antoniotto Botta Adorno;2
Archibald Douglas, 6th Earl of Angus;2
Arthur Herbert, 1st Earl of Torrington;2
Arthur III, Duke of Brittany;2
Arthur St. Clair;2
Asakura Yoshikage;2
Yamagata Masakage;2
Yang Hao (Ming dynasty);2
William Hastings, 1st Baron Hastings;2
Witte Corneliszoon de With;2
Władysław II Jagiełło;2
Władysław III of Poland;2
Stanisław Lanckoroński (hetman);2
Stanisław "Rewera" Potocki;2
Stefan Lazarević;2
Sultan;2
Sovereign Military Order of Malta;2
Suwa Yorishige;2
Sokollu Mehmed Pasha;2
Sigismund III Vasa;2
Sidney Smith (Royal Navy officer);2
Simon Grundel-Helmfelt;2
Richard Montgomery;2
Robert Hungerford, 3rd Baron Hungerford;2
Robert Monckton;2
Rodrigo Orgóñez;2
Robert Munro, 18th Baron of Foulis;2
Rowland Laugharne;2
Russia;2
Russian Empire;2
Sakai Tadatsugu;2
Sayenqueraghta;2
Tugay Bey;2
Vlatko Vuković;2
Willem Joseph van Ghent;2
Wilhelm Reinhard von Neipperg;2
Wallachia;2
William Cavendish, 1st Duke of Newcastle;2
William de la Pole, 1st Duke of Suffolk;2
William Kirkcaldy of Grange;2
William the Silent;2
William Neville, 1st Earl of Kent;2
William of Jülich;2
Toyotomi Hidetsugu;2
Tozawa_Yorichika;2
Thomas de Ros, 9th Baron de Ros;2
Thomas Mathews;2
Thomas, 2nd Earl of Lancaster;2
Thomas Dagworth;2
Otto Vellingk;2
Pedro Álvares Pereira;2
Pedro de Alvarado;2
Özdemiroğlu Osman Pasha;2
Papal States;2
Pargalı Ibrahim Pasha;2
Philibert of Chalon;2
Philip I, Landgrave of Hesse;2
Peter of Castile;2
Peter Karl Ott von Bátorkéz;2
Pedro Manuel de Ataíde;2
Piali Pasha;2
Philip, Duke of Parma;2
Philip Roche;2
Philip VI of France;2
Portugal;2
Pyotr Rumyantsev;2
Pyotr Saltykov;2
Prisoner of war;2
Prokop the Great;2
Province of Hanover;2
Ramón de Cardona;2
Ralph Hopton, 1st Baron Hopton;2
Ralph Abercromby;2
René II, Duke of Lorraine;2
Rice Powell;2
Richard Badiley;2
Luis de Benavides Carrillo, Marquis of Caracena;2
Louis IV, Holy Roman Emperor;2
Mackintosh of Borlum;2
Maximilian III, Archduke of Austria;2
Maximilian Sforza;2
Michael Jones (soldier);2
Margaret of Anjou;2
Micheletto Attendolo;2
Nomi Munekatsu;2
Nuno Álvares Pereira;2
Occhiali;2
Niels Juel;2
Nikola Skobaljić;2
Niccolò Piccinino;2
Mogue Kearns;2
Mohammad Khan Qajar;2
Mōri Terumoto;2
Mōri Yoshikatsu;1
Mori_Nagahide;1
Moses Hazen;1
Muhammad XII of Granada;1
Muhammad_Khan_Ustajlu;1
Muhammed XIII, Sultan of Granada;1
Murad Bey;1
Murad Giray;1
Murchad_mac_Muircheartaig_Oig;1
Murray of Aberscross;1
Murrough O'Brien, 1st Earl of Inchiquin;1
Mustafa II;1
Mustafa Pasha (Egypt);1
Mustafa Rumi;1
Muzio Sforza;1
Myles Byrne;1
Nabeshima Naoshige;1
Nader Shah;1
Naoe Kanetsugu;1
Mohammad_Tokmak_Khan_Ostajlou;1
Moldavia;1
Momchil;1
Mōri Hidemoto;1
Mori Nagayoshi;1
Michał Kazimierz Radziwiłł;1
Michelangelo Alessandro Colli-Marchi;1
Mehmed I;1
Mehmed III;1
Michikinikwa;1
Mikhail Mikhailovich Golitsyn;1
Mikhail Shein;1
Mikołaj Hieronim Sieniawski;1
Mikołaj Potocki;1
Miran Shah;1
Mircea I of Wallachia;1
Mircea II of Wallachia;1
Miura clan;1
Miura_Yoshiatsu;1
Mizuno Tadashige;1
Mladen II Šubić of Bribir;1
Nicholas Herkimer;1
Nicholas, Count of Salm;1
Nicolaas Zannekin;1
Natsume Yoshinobu;1
New France;1
Niccolò da Tolentino;1
Niccolò di Pitigliano;1
Nikola Šubić Zrinski;1
Nils_Ehrenski%C3%B6ld;1
Nitta Yoshisada;1
Niwa_Ujishige;1
Noël Jourda de Vaux;1
Nicolas-Joseph Beaurepaire;1
Nicolò Canale;1
Niels Göranson Stiernsköld†;1
Octavius_Ignatius,_Prince_of_Arenberg_and_Barban%C3%A7on;1
Oda Nobuhide;1
Oda Nobukatsu;1
Oda Nobutada;1
Oda Nobutaka;1
Odo IV, Duke of Burgundy;1
Nur-Ali_Khalifa;1
Nurhaci;1
Obata Masamori;1
Nuno Álvares Botelho;1
Margaret of Austria, Duchess of Savoy;1
Mariot Arbuthnot;1
Marmaduke Constable;1
Marmaduke Langdale, 1st Baron Langdale of Holme;1
Marquis de St Ruth;1
Marthanda Varma;1
Martim Afonso de Castro;1
Martim_Anes_de_Barundo;1
Martim_Vasques_da_Cunha;1
Martin I of Sicily;1
Martin Schwartz (mercenary);1
Martin_Brand;1
Matchekewis;1
Mathias Rukavina von Boynograd;1
Mathurin Romegas;1
Matias de Albuquerque;1
Matsuda_Yasuyoshi;1
Matsudaira Ietada (Fukōzu);1
Matsura_Shigenobu;1
Matthäus Schiner;1
Matthew Stewart, 2nd Earl of Lennox;1
Matthias Corvinus;1
Matthijs Dulken;1
Mattias de' Medici;1
Maurice de Saxe;1
Maurice of the Palatinate;1
Maurice, Count de Benyovszky;1
Michael Küchmeister von Sternberg;1
Michael Murphy (priest);1
Michael Reynolds;1
Michael Szilágyi;1
Mehmed_Beg;1
Melchior_de_Robles;1
Melchior_von_Hatzfeldt;1
Melchor_Avellaneda_y_Sandoval_Rojas_y_Ramiro,_marqu%C3%A9s_de_Valdeca%C3%B1as;1
Menno van Coehoorn;1
Mesih Pasha;1
Maximilian Anton Karl, Count Baillet de Latour;1
Maximilian I, Holy Roman Emperor;1
Maarten van Rossum;1
MacJames;1
Luis Firmín de Carvajal, Conde de la Unión;1
Luís Lopes de Sequeira;1
Luis Méndez de Haro;1
Luke Gardiner, 1st Viscount Mountjoy;1
M%C5%8Dri_Takamasa;1
Ma Gui (general);1
Ma_Eung-bang;1
Maarten Schenck van Nydeggen;1
Luchino Visconti (died 1349);1
Ludovico II, Marquess of Saluzzo;1
Ludovico Trevisan;1
Ludwig von Erlichshausen;1
Luigi Mattei;1
Louis XII of France;1
Low;1
Magnus Gabriel De la Gardie;1
Mahadaji Shinde;1
Mahant Kirpal Das;1
Mahomet Sirocco;1
Major Daniel Seddon;1
Major general;1
Malcolm MacLeod;1
Malhar Rao Holkar;1
Malik Ayyaz;1
Malise Graham, 1st Earl of Menteith;1
Malkoçoğlu family;1
Mamai;1
Manco Inca Yupanqui;1
Mandalzade Hüsameddin;1
Manuel de Sousa Coutinho;1
Manuel de Velasco y Tejada;1
Manuel Rojo del Río y Vieyra;1
Manus O'Cahan's Regiment;1
Mao_Cheng_Xian;1
Marcin Kalinowski;1
Marcin Kątski;1
Richard Butler (general);1
Richard Caswell;1
Richard de Clare, Steward of Forest of Essex;1
Richard de la Pole;1
Richard Deane (regicide);1
Richard Grey, 4th Baron Grey of Codnor;1
"Richard Houghton&#160;";1
Renzo da Ceri;1
Rhys ap Thomas;1
Ralph Delaval;1
Ralph Dundas;1
Ralph Neville, 2nd Baron Neville de Raby;1
Ralph Percy;1
Ram Singh I;1
Ramayyan Dalawa;1
Raoul II of Brienne, Count of Eu;1
Raoul of Clermont;1
Reforce d'Agoult;1
Regent Moray;1
Regimentarz;1
relief forces;1
René de Froulay de Tessé;1
"Purandare&#160;";1
Pylyp Orlyk;1
Prince Marko;1
Prince of Soubise;1
Raja Sanghar Ali Khan;1
Qamar-ud-din Khan, Asif Jah I;1
Qara Yusuf;1
Qian_Wanli;1
Qiu Fu †;1
Qolsharif;1
Quilcho;1
Quizquiz;1
Radu Șerban;1
Raes_van_Heers;1
Principality of Murom;1
Principality of Pereyaslavl;1
Principality of Suzdal—Nizhny Novgorod;1
Principality of Yaroslavl;1
Prince Joseph of Saxe-Hildburghausen;1
Preljub;1
Prince Alexander of Imereti (1674–1711);1
Prince Benedetto, Duke of Chablais;1
Philip van Artevelde;1
Pierre Augereau;1
Pierre d'Aubusson;1
Pieter de Bitter;1
Pieter de Coninck;1
Pieter Schuyler;1
Pieter_Adriaanszoon_van_der_Werff;1
Pietro Mocenigo;1
Piotr Dunin;1
Piotr_Nied%C5%BAwiedzki;1
Piotr_of_Szczekociny;1
Pipo of Ozora;1
Pir Muhammad;1
Pir_Budhu_Shah;1
Pope Clement VII;1
Pope John XXII;1
Philip, Count of Egmont;1
Philip, Duke of Burgundy;1
Philip, Duke of Orléans;1
Philip, Duke of Palatinate-Neuburg;1
Philip Sidney;1
Philip Stapleton;1
Philip the Bold;1
Philip the Good;1
Philippe I, Duke of Orléans;1
Philippe II, Duke of Orléans;1
Philippe Villiers de L'Isle-Adam;1
Philippe_Clement_du_Vuault_de_Valrennes;1
Pier Gerlofs Donia;1
Piero di Cosimo de' Medici;1
Pedro Navarro, Count of Oliveto;1
Pemulwuy;1
Peregrine Osborne, 2nd Duke of Leeds;1
Pero_Gonzalez_de_Sevilla;1
Peter Ernst I von Mansfeld-Vorderort;1
Peter IV Rareș;1
Peter Melander Graf von Holzappel;1
Philip I, Prince of Taranto;1
Philip IV of France;1
Philip of Artois, Count of Eu;1
Philip of Chieti;1
Peter Tordenskjold;1
Peter Vitus von Quosdanovich;1
Peter, Duke of Coimbra;1
Philibert de Chandée, 1st Earl of Bath;1
Pasquale Paoli;1
Passerino Bonacolsi;1
Patrick Ferguson;1
Patrick Sarsfield, 1st Earl of Lucan;1
Pak_Hong;1
Pál Kinizsi;1
Pál Tomori;1
Pandolfo III Malatesta;1
Pedro de Valdivia;1
Pedro González de Mendoza;1
Pedro César de Meneses;1
Otto von Lutterberg;1
Otto, Duke of Brunswick-Grubenhagen;1
Paweł Jan Sapieha;1
Oh_Eung-jeong;1
Oi_Sadataka;1
Okabe Motonobu;1
Okabe_Naganori;1
Okabe_Noritsuna;1
Okudaira Nobumasa;1
Ottoman Navy;1
Owain Glyndŵr;1
Owen Roe O'Neill;1
Owen Tudor;1
Oyamada Nobushige;1
Oliver Sinclair;1
Olivier de Clisson;1
Olivier, Count of Wallis;1
Öljei Temür Khan;1
Olof Strömstierna;1
Ōmura Yoshiaki;1
Ōno Harunaga;1
Orhan of the Ottoman Empire;1
Osman I;1
Ottavio Piccolomini;1
Ottavio_Gonzaga;1
Otto Arnold von Paykull;1
Otto della guerra;1
Thomas de Courtenay, 5th Earl of Devon;1
Thomas de Rokeby;1
Takeda Nobukado;1
Takeda Nobutora;1
Taisun Khan;1
Taj al-Din Shah-i Shahan Abu'l Fath;1
Takato_Yoritsugu;1
Thomas FitzGerald of Laccagh;1
Thomas Forster;1
Thomas Graves, 1st Baron Graves;1
Thomas Green (general);1
Thomas Horton (soldier);1
Thomas Howard, 2nd Duke of Norfolk;1
Thomas Howard, 3rd Duke of Norfolk;1
Thomas Knowlton;1
Thomas Mahon, 2nd Baron Hartland;1
Thomas_Aubourg;1
Thomas_Buford_(captain);1
Thomas_Cliffeton;1
Thomas_le_Botiller;1
Thomas_Morgan_(English_soldier);1
Tian_Cong;1
Timur;1
Timur Shah Durrani;1
Tipu Sultan;1
Thomas Müntzer;1
Thomas of Lancaster, 1st Duke of Clarence;1
Thomas Preston, 1st Viscount Tara;1
Thomas Pringle (Royal Navy officer);1
Thomas Stukley;1
Thomas Sumter;1
Thomas Teddeman;1
Thomas Tollemache;1
Thomas Wentworth (British Army officer);1
Thomas Wharton, 1st Baron Wharton;1
Thomas Mifflin;1
Thomas de Scales, 7th Baron Scales;1
Thomas Erdődy;1
Torquato Conti;1
Torsten Stålhandske;1
Toyama_Kageto;1
Toyotomi Hidenaga;1
Triadan Gritti;1
Tsering_Dhondup_(soldier);1
Toyotomi Hideyori;1
Tokhtamysh;1
Tokugawa Hidetada;1
Ustad Ali Quli;1
Uzun Hassan;1
Valdemar IV of Denmark;1
Valerian Zubov;1
Various monk leaders;1
Various/Unknown;1
Vasily Borisovich Sheremetev;1
Velip_Pasha;1
Victor Amadeus II of Sardinia;1
Victor-François, 2nd duc de Broglie;1
Victor-Marie d'Estrées;1
Vincent Stolle;1
"Vinchurkar&#160;";1
Vishwasrao;1
Vittorio Francesco, Marquis of Susa;1
Vizier;1
Vlad II Dracul;1
William of Nassau-Hilchenbach;1
William Oliphant (died after 1313);1
William Paterson (explorer);1
William Penn (Royal Navy officer);1
William Phillips (British Army officer);1
William Pickles (American Revolution);1
William Prescott;1
William Rowley (Royal Navy officer);1
William Smallwood;1
William Sutherland (British Army officer);1
William Thompson (general);1
William Tryon;1
William Waldegrave, 1st Baron Radstock;1
William Ledyard;1
William Lockhart of Lee;1
William Lumley;1
William Mackenzie, 5th Earl of Seaforth;1
William Maxwell, 5th Earl of Nithsdale;1
William Douglas, 2nd Earl of Angus;1
William Draper (British Army officer);1
William Eure, 1st Baron Eure;1
William Fermor;1
William Graham, 1st Earl of Montrose;1
William I, Marquis of Namur;1
William II de La Marck;1
William II of Narbonne;1
William II, Count of Hainaut;1
William II, Duke of Jülich;1
William Cleland;1
William Darke;1
William de Bohun, 1st Earl of Northampton;1
William Bradford (Plymouth soldier);1
William Caldwell (ranger);1
William Campbell (general);1
Walter Butler (Loyalist);1
Walter Manny, 1st Baron Manny;1
Walter Raleigh;1
Walter V, Count of Brienne;1
Wang Zhen (eunuch);1
Wapasha I;1
Wazir Wali Khan;1
Wenceslaus I, Duke of Luxembourg;1
Werner Stauffacher;1
Werner von Urslingen;1
Wigbolt Ripperda;1
Wijerd Jelckama;1
Wilhelm von Freytag;1
Wales;1
Willem_Schoutens;1
Wilhelm von Roggendorf;1
Volrad_V,_Count_von_Mansfeld_zu_Hinterort;1
Von_Frankemberg;1
Vuk Branković;1
Vuk Grgurević;1
Vukašin Mrnjavčević;1
Vytautas;1
Tuman bay II;1
Tuskaloosa;1
Ulrich Frédéric Woldemar, Comte de Lowendal;1
Ulrich von Jungingen;1
Ulrich Welker;1
Ulrik Frederik Gyldenløve;1
Umur of Aydın;1
Uncas;1
Uesugi Tomooki;1
Uesugi Tomosada (16th century);1
Uglješa Mrnjavčević;1
Uguccione della Faggiuola;1
Sebastián de Eslava;1
Sebastian of Portugal;1
Sakakibara Yasumasa;1
Samuel_Leslie;1
Sanada Masayuki;1
Sanada Yukimura;1
Sanada Yukitaka;1
Seon_Geoi;1
Seong_Su-gyeong;1
Seth Warner;1
Shah Alam II;1
Shah Pasand Khan;1
Shahghali;1
Shahrukh Mirza;1
Ryu Seong-ryong;1
S%C4%99dziw%C3%B3j_Ostror%C3%B3g;1
Sadashivrao Bhau;1
Salah Rais;1
Salvador de Sá;1
Samuel Appleton (born 1625);1
Samuel Barrington;1
Samuel Elbert;1
Samuel Graves;1
Sancho Manoel de Vilhena;1
Sanjak of Kruševac;1
Sanjak of Pojega;1
Sanjak of Üsküp;1
Sanjak of Zvornik;1
Sanjak_of_Pakrac-Cernica;1
Sarı Süleyman Pasha;1
Saru_Pira_Ustajlu;1
Satake Yoshinobu;1
Satomi Yoshihiro;1
Satomi_Sanetaka;1
Royal Navy;1
Ruprecht von Eggenberg;1
Robert Patterson (pioneer);1
Roger de Clifford, 2nd Baron de Clifford;1
Rokkaku Yoshikata;1
Rokkaku Yoshisuke;1
Robert Monro;1
Robert Dudley, 1st Earl of Leicester;1
Robert Hamilton of Preston;1
Robert Treat;1
Robert Welles, 8th Baron Willoughby de Eresby;1
Robert, Lord Maxwell,;1
Robin of Redesdale;1
Rodolfo Giovanni Marazzino;1
Robert II Keith, Marischal of Scotland;1
Robert II, Count of Artois;1
Robert III of Artois;1
Richard Kempenfelt;1
Richard Lestock;1
Richard Talbot, 1st Earl of Tyrconnell;1
Rickard de Bermingham;1
Rob Roy MacGregor;1
Robert Abercromby of Airthrey;1
Robert Bemborough;1
Robert Blake (admiral);1
Robert Bowes (lawyer);1
Robert Crichton;1
Robert de Lawedre of Edrington;1
Robert Devereux, 2nd Earl of Essex;1
Sir Charles Knowles, 1st Baronet;1
Sir Charles Thompson, 1st Baronet;1
Sir Henry Johnson, 1st Baronet;1
Sir James Johnstone;1
Sir John de la Pole;1
Sir John Johnson, 2nd Baronet;1
Sir Patrick Hepburn ;1
Sir Robert Pigot, 2nd Baronet;1
Sir Samuel Cornish, 1st Baronet;1
Sir Thomas Kyriell;1
Sir William Erskine, 1st Baronet;1
Sir William Johnson, 1st Baronet;1
Sir William Parker, 1st Baronet, of Harburn;1
Sir William Rollo;1
Siraj ud-Daulah;1
"Sidoji Gharge&#160;";1
Sigismund Báthory;1
Shim_Dae-seung;1
Shimazu_Hisayasu;1
Shimizu Muneharu;1
Shimozuma Rairen;1
Shin Rip;1
Shin_Ho;1
Sigismund Korybut;1
Silahdar Damat Ali Pasha;1
Simón de Anda y Salazar;1
Solomon II of Imereti;1
Song_Yeo-jong;1
Syed_Ahmed_Orlat;1
Sultan_Huseyn;1
Sultanzade;1
Süleyman Çelebi;1
Takeda_Nobutoyo;1
Takigawa Kazumasu;1
Tanacharison;1
Telli Hasan Pasha;1
Temür Qutlugh;1
Theobald Taaffe, 1st Earl of Carlingford;1
Thomas Arthur, comte de Lally;1
Thomas Beaufort, Duke of Exeter;1
Thomas Brown (loyalist);1
Thomas Clifford, 8th Baron de Clifford;1
Thomas Cloney;1
Thomas Cook, Seneschal of Gascony[2];1
Thomas Dacre, 2nd Baron Dacre;1
Sten Sture the Elder;1
Simon Girty;1
Stephen Trigg;1
Stephen V Báthory;1
Stephen VII Báthory;1
Stibor of Stiboricz;1
Sufi Ali Pasha;1
Suganuma Sadamichi;1
Stanisław Chodecki;1
Stanisław Jan Jabłonowski;1
Stanisław Mokronowski;1
Stanisław Warszycki;1
Stanisław Żółkiewski;1
Władysław IV Vasa;1
Wolmar Anton von Schlippenbach;1
Władysław I the Elbow-high;1
William Heath;1
William Herbert, 1st Earl of Pembroke (died 1469);1
William Woodford;1
William Zouche;1
William_Baille;1
William_Delaplace;1
William_Glasdale;1
William_MacGeoghegan;1
Willmsoon Cartekoe;1
Wirich Philipp von Daun;1
Yapancha_beg;1
Yar_Ahmed_Qaramanli;1
Yi Bok-nam;1
Wulf Isebrand;1
Yadegar Mokhammad of Kazan;1
Yamanaka Yukimori;1
Yi_Jeong-hyeon;1
Yi_Jong-jang;1
Yi_Won-ik;1
Yokota Takatoshi;1
Yoshinaga_Mitoyoshi;1
Yu_Sung-in;1
Yun Doo-su;1
Yuryev;1
Yusuf I, Sultan of Granada;1
Zara Yaqob;1
Zaynash_morza;1
Zhengtong Emperor;1
Zu_Chengxun;1
Yi_Chun-won;1
Yi_Deok-hoe;1
Yi_Gwang-ak;1
Asano Nagaakira;1
Asano Nagamasa;1
Asano Yoshinaga;1
Ashikaga Takauji;1
Ashikaga_Haruuji;1
Ashraf Hotak;1
Atahualpa;1
Augustus II the Strong;1
Augustus Keppel, 1st Viscount Keppel;1
Arughtai;1
Arvid Wittenberg;1
Asad Malik Hast;1
Asahina_Yasutomo;1
Archibald Douglas, Earl of Moray;1
Arend Dickmann;1
Arima Harunobu;1
Arnold van Keppel, 1st Earl of Albemarle;1
Art Mór Mac Murchadha Caomhánach;1
Arthur Haselrig;1
Aonghas Óg;1
António Luís de Sousa, 2nd Marquis of Minas;1
António, Prior of Crato;1
Anne Jules de Noailles;1
Akiyama Nobutomo;1
Archibald Douglas, 5th Earl of Angus;1
Archduke Charles, Duke of Teschen;1
Archibald Campbell, 2nd Earl of Argyll;1
Archibald Campbell, 5th Earl of Argyll;1
Archibald Campbell, 7th Earl of Argyll;1
Archibald Douglas (died 1333);1
Babur;1
Badlay ibn Sa'ad ad-Din;1
Bae_Seol;1
Bagenal Harvey;1
Bairam Khan;1
Bajirao I;1
Ball%C3%AC_de_Givry;1
Balša II;1
Baltacı Mehmet Pasha;1
Augustyn Kordecki;1
Autonomous Republic of Crimea;1
Avtomon_Golovin;1
Azai Hisamasa;1
Azzone Visconti;1
B%C5%99en%C4%9Bk_of_%C5%A0vihov;1
Barthélemy Catherine Joubert;1
Barthélemy Louis Joseph Schérer;1
Bartholomew_Dr%C3%A1gfi;1
Bartolomeo Colleoni;1
Basarab Țepeluș cel Tânăr;1
Basarab I of Wallachia;1
Basarab Laiotă cel Bătrân;1
Bavaria;1
Bayezid II;1
Behram_Pasha;1
Benjamin Cleveland;1
Benjamin Goldthwait;1
Benjamin Logan;1
Benjamin_Hewling;1
Bernard of Saxe-Weimar;1
Bernard_von_Zinnenberg;1
Bernardin Frankopan;1
Bernardino de Mendoza;1
Alfonso V of Aragon;1
Alfonso XI of Castile;1
Alfonso_F%C3%A9lix_de_%C3%81valos_Aquino_y_Gonzaga,_Marquis_del_Vasto;1
Ali Kodsha bey;1
Ali Pasha;1
Allan Maclean of Torloisk;1
Alonso de Alvarado;1
Álvaro de Sande;1
Amago Katsuhisa;1
Amari Torayasu;1
Ambrogio Spinola, 1st Marquis of the Balbases;1
Ambroise de Loré;1
Ambrosio Boccanegra;1
Amédée Emmanuel François Laharpe;1
Amir Husain Al-Kurdi;1
Anayama Nobukimi;1
Andr%C3%A9_Vidal_de_Negreiros;1
André de Laval-Montmorency;1
Alexander Lillington;1
Alexander Lindsay, 1st Earl of Balcarres;1
Alexander MacDonald of Lochalsh;1
Alexander McDougall;1
Alexander McKee;1
Alexander Stewart (British Army officer);1
Alexander Stewart, Duke of Albany;1
Al-Ashraf Qansuh al-Ghawri;1
Alauddin_Riayat_Shah_II;1
Alberico da Barbiano;1
Alberico_Novello_da_Barbiano;1
Albert Casimir, Duke of Teschen;1
Albrecht von Wallenstein;1
Aleksander Koniecpolski (1620–1659);1
Aleksey_Golokhvastov;1
Alexander Cunningham, 1st Earl of Glencairn;1
Antipope Clement VII;1
Antoine III de Gramont;1
Antoine Nompar de Caumont;1
Antoine_de_Goignies;1
Antoine-Guillaume Rampon;1
Antoni de Villarroel;1
Antonio Barberini;1
Antonio de Leyva, Duke of Terranova;1
António Filipe Camarão;1
António I of Kongo;1
Antonio Loredan;1
Andrey Kurbsky;1
Andronikos III Palaiologos;1
Angelo_della_Pergola;1
Angelo_Trevisan;1
Angus Du Mackay, 7th of Strathnaver;1
Anikita Repnin;1
Ankokuji Ekei;1
Anne Antoine, Comte d'Aché;1
Anne de Joyeuse;1
Anne de Montmorency;1
Andrea Doria;1
Andrea Gritti;1
Andreas von Auersperg;1
Andrés Reggio;1
Andrew Barclay;1
Andrew Harclay, 1st Earl of Carlisle;1
Andrew Lewis (soldier);1
Andrew Pickens (congressman);1
Alexander Tormasov;1
"Alexander&#160;Ross&#160;of&#160;Balnagown";1
Alexander_Dickson_(American_War_of_Independence);1
Alexandre Maître, Marquis de Bay;1
Alexei Grigoryevich Orlov;1
Alfonso Carrillo de Acuña;1
Alexander Farnese, Duke of Parma;1
Alexander Gorbatyi-Shuisky;1
Alexander Home, 1st Lord Home;1
Alexander Home, 3rd Lord Home;1
Alexander Korsakov;1

Otto von Bonsdorf;1

Pacino Eustachio;1
"
Petar II Zrinski&#160;";1

Prince of Hesse-Kassel (or Hesse-Cassel);1
"
Pukeshinwa&#160;";1

Reuss von Plauen;1

Robert Sutherland;1
"
Roth von Uri&#160;";1

Rustem Khan;1

Safer Giray;1

Shah Ali Quli Khan;1

Sikandar Khan Uzbeg;1

Sinju Naosada;1

Sir James Scott;1

Sir John Haliburton of Dirleton;1

Sir Nathaniel Gordon;1
"
Sir Thomas Ogilvie (Ogilvy) &#160;";1

Sir William Musgrave,;1

Song Hui Rip;1

Subhan Ghazi Agi;1

Tahmasp Khan Jalayer;1

Takuchi Yasuke;1

Teofil Bronowski;1

Thomas Maria Wingfield;1
"
Thomas Sanders&#160;";1

Thomas Slentz;1

Thomas Tyldesley;1

Timofey Tsetsura;1

Ughurlu Muhammad;1

William Barker;1
"
William Chronicle&#160;";1

William Latham;1

William Loftus;1

William Spurgen;1
"
Winnoc le Fiere&#160;";1

Yi Eon Ryang;1

Yi Mui Gong;1

Yi Young Nam;1

Zayn-al-Abidin bin Ahmed bin Ughurlu Muhammad;1

Zebardust Khan;1
"
Zelger von Obwalden&#160;";1

Zhang Fu†;1
%C5%8Cta_Suketaka;1
Afonso, Duke of Braganza;1
Ahmad al-Mansur;1
Adam Hepburn, 2nd Earl of Bothwell;1
Ahmed Khan bin Küchük;1
Ahn_Wi;1
Akashi Morishige;1
Adrian von Bubenberg;1
Adrien Maurice de Noailles;1
Afonso IV of Portugal;1
Adam Stephen;1
Adam Veyde;1
Admiral;1
Adolf of Nassau (1540–1568);1
• Guru Gobind Singh,;1
• Hari Chand,;1
Abd al-Baqi Yazdi;1
Abdal-Latif Mirza;1
Abdul Jalil Shah III;1
Abdullah Ma'ayat Shah;1
Abraham de Fabert;1
Abraham Duquesne;1
Abu Abdallah Mohammed II Saadi;1
Abu al-Hasan Ali ibn Othman;1
Abu l-Hasan Ali, Sultan of Granada;1
Abu Marwan Abd al-Malik I Saadi;1
Abu_Bakr_(Timurid_Dynasty);1
Abul-Qasim Babur Mirza;1
Acadian - Guillaume (Billy Jr.) Johnson[1];1
Achille d'Étampes de Valençay;1
Adam Duncan, 1st Viscount Duncan;1
;1
 Abaza Sari Hussein;1
 Adam Westerwolt;1
 Agustín de Cepeda;1
 Alexander McKillop;1
 Álvaro Botelho;1
 António Teles de Meneses;1
 Baron d'Imbert;1
 Blaž Đurak;1
 Cristobal Marquéz de Valenzuela;1
 Francisco de Esteyvar;1
 François Aymar de Monteil;1
 Gomar de Fourdin;1
 governor De Lede;1
 Honoré Haquin;1
 Ibrahim Bey of Lika;1
 Jacopo Giustiniani;1
 José Calvo de Irazabal;1
 Joseph, Prince of Lorraine-Vaudemont;1
 Juan Manuel de Cagigal;1
 King Henry V;1
 Lorenzo Ugalde de Orellana;1
 Louis de Chalon;1
 Marx Röist;1
" Matija Fintić&#160;";1
 Mihály Fants;1
 Pasha of Karahisar;1
 Pedro da Silva;1
 Reynier van Vlissingen;1
 Rui Freire de Andrade;1
 Sebastián López;1
" Shadi Baig&#160;";1
 Yakub Çelebi ;1

(Spanish Army);1

(Warren declined command and fought as an individual);1

Abdulla Khan;1

Abraham DePeyster;1

Admiral Gerard de Glymes;1

Akechi Hidemitsu;1

Alag-Temur;1

Alasdair Carrach.;1

Alexander Murray;1

Allan Stewart, 4th Earl of Caithness;1

Álvaro de Mendoza;1

and others;1

Antoine d'Aubusson;1

Archimandrite Joasaph;1

Benjamin Foster;1

Bernard von Zinnenberg;1

Bishop of Évora;1

Burhaneddin;1

Cafer Pasha;1

Captain David Grant;1

Captain David Maitland;1

Clément Paoli;1

Colonel Clayton;1

Com. of Estates;1
"
Count of Alba de Aliste&#160;";1

Cuthbert Murray;1

De Ludre;1
"
Du Song &#160;";1

Edmund Eyre;1

Edward Fitzgerald;1

Eo Young Dam;1

Eseid Mustafa Pasha;1

Fath Ali Khan Kayani;1

Forbes of Boyndlie;1

Forbes of Craigievar;1

Franjo Berislavić;1

Gen. Wilford;1

Gilbert Gordon of Garty;1

Giovanni Grimaldi;1

Gweon Jun;1

Hasegawa Hidekazu;1

Haydar Pasha;1
"
Henry Sherburne&#160;";1

Herman Witte;1

Hugh Mackay,;1

Iskander Khan;1

Jacob Vochs;1

Jafer Pasha;1

James Duff;1

James Grant;1

James Hay;1

James MacWilliam;1

James Murray;1

Jan Paweł Cellari;1

Jan Storch;1

Jean-Louis de Bussy-Rabutin;1
"
Johann von Ochsenstein &#160;";1
"
Johann von Waldburg &#160;";1

John Campbell;1
"
John Campbell&#160;";1

John Johnstone;1

John Musgrave;1

Joseph Stopford;1
"
Kälin von Zug&#160;";1

Kazuya Dakenori;1

Keekyuscung ;1

Kekuhaupi;1

Kim Unha (김응하);1

Kim Unsuh (김응서);1

Kim Wan;1

Kimura Shigekore;1

Lal Khan of Badakshan;1

Latif Khan;1

Lieutenant Birch;1
"
Liu Ting &#160;";1

Lord Drummond;1

Lord Kilpont;1

Lord Lewis Gordon;1

Lord Rollo;1

Lotf Ali Khan;1

Ma Lin;1

Major General Gifford;1

Matthew Kolmener;1

Mohammad Seidal;1

Motoshima Matasaburo;1

Muhammad Qasim;1

Mulla Pir Muhammad;1

Mustafa (prince);1

Mustafa Pasha of Rodosto;1

Nasrullah Khan;1

Niccolò Trevisani;1

Nikola VI Frankopan;1

Oda Nobutada;1

Ota Kazuyoshi;1
De Beauvoir;1
Demetrius_Jaksics;1
Deng Zilong;1
David Lindsay, 1st Duke of Montrose;1
David Pigeon;1
David Wooster;1
Daišan;1
Damat Ibrahim Pasha;1
Daniel Boone;1
Daniel Liénard de Beaujeu;1
Daniil Shchenya;1
David Dundas (British Army officer);1
David II of Scotland;1
Donald Mackay;1
Donald of Islay, Lord of the Isles;1
Donald_MacDonald_(British_officer);1
Donald_McLeod_(Loyalist);1
Dong_Yiyuan;1
Durmish Khan Shamlu;1
Devlet II Giray;1
Dietrich von Altenburg;1
Dietrich_von_Falkenberg;1
Dimitrie Cantemir;1
Diogo_de_Mendon%C3%A7a_Furtado;1
Diviš Bořek of Miletínek;1
Diyarbakır;1
Dmitry Donskoy;1
Dmitry Shuisky;1
Dohna;1
Domhnall Ballach;1
Domhnall II, Earl of Mar;1
Edward Montagu, 1st Earl of Sandwich;1
Edward I of England;1
Earl of Northampton;1
Edigu;1
Edmund Beaufort (died 1471);1
Edmund Beaufort, 2nd Duke of Somerset;1
Edmund Butler, Earl of Carrick;1
Edmund Grey, 1st Earl of Kent;1
Edward Balliol;1
Edward Braddock;1
Edward Bruce;1
Edward Stanley, 1st Baron Monteagle;1
Edward Vernon;1
Edward, Duke of Guelders;1
Edward of Westminster, Prince of Wales;1
Edward Russell, 1st Earl of Orford;1
Edward Seymour, 1st Duke of Somerset;1
Elias Durnford;1
Elijah Clarke;1
Elmas Mehmed Pasha;1
Emanuel Philibert de Lalaing;1
Emanuel_Hesse;1
Emerik Derenčin;1
Emmanuel Philibert, Duke of Savoy;1
Enea Silvio Piccolomini (general);1
England;1
Enguerrand VII, Lord of Coucy;1
Francisco_de_Valdez;1
François Christophe de Kellermann;1
François Claude Chauvelin;1
François de Franquetot de Coigny;1
François de Lorraine;1
François Séverin Marceau-Desgraviers;1
François-Charles de Bourlamaque;1
François-Henri de Montmorency, duc de Luxembourg;1
François-Marie Le Marchand de Lignery;1
François-Marie, 1st duc de Broglie;1
Franz von Mercy;1
Franz von Werneck;1
Frederick Coyett;1
Frederick Hambright;1
Francesco Ferruccio;1
Francesco I Sforza;1
Francesco II Gonzaga, Marquess of Mantua;1
Francesco Maria I della Rovere, Duke of Urbino;1
Francesco Piccinino;1
Ferdinand I, Holy Roman Emperor;1
Francis Favrat;1
Francis Hay, 9th Earl of Erroll;1
Francis Smith (British Army officer);1
Francisco Barreto de Meneses;1
Francisco de Almeida;1
Francisco de Melo;1
Francisco de Moncada, 3rd Marquis of Aitona;1
Francisco de Portugal, 3rd Count of Vimioso;1
Ferdinando Fairfax, 2nd Lord Fairfax of Cameron;1
Feriz Beg;1
False Dmitriy I;1
Federico Carlos Gravina y Nápoli;1
Fedlim Ó Conchobair;1
Felmingham;1
Floris, Lord of Heemstedt, Walter, Lord Fitzwalter;1
Ford Grey, 1st Earl of Tankerville;1
Fernando de Leyba;1
Fernando de Sottomayor [5];1
Fernando Sánchez de Tovar;1
Ferrante Gonzaga;1
Field marshal;1
Eugène-Guillaume Argenteau;1
Eustachius De Lannoy;1
Eyre Coote (East India Company officer);1
Fabian von Fersen;1
Fabrizio Colonna;1
Fabrizio Maramaldo;1
Fabrizio Savelli;1
Erentei;1
Egon_VII,_Count_of_F%C3%BCrstenberg;1
Ernst Rüdiger von Starhemberg;1
Esen Taishi;1
Eslamu;1
Buda;1
Burkhard Christoph von Münnich;1
Byeon_Gi;1
Byzantine Empire;1
Camille d'Hostun, duc de Tallard;1
Çandarlı Halil Pasha the Elder;1
Canibek_Giray;1
Canonchet;1
Captain (British Army and Royal Marines);1
Captain Adams,;1
"Captain Peter Pigou&#160;";1
Captain Swayne +;1
Carl Gustaf Wrangel;1
Berndt_Otto_Stackelberg;1
Bernhard_von_Liewen;1
Charles de La Cerda;1
Charles de Lannoy;1
Charles Lee (general);1
Charles Louis de Marbeuf;1
Charles IV, Duke of Alençon;1
Charles II d'Amboise;1
Charles II of England;1
Charles II of Navarre;1
Charles Eugène de Croÿ;1
Charles François Dumouriez;1
Charles Howard, 1st Earl of Nottingham;1
Charles I of Albret;1
Charles I of Hungary;1
Charles I, Duke of Bourbon;1
besieged;1
besiegers;1
Bessho Nagaharu;1
"Bhivrao Panse&#160;";1
Bhoite;1
Biagio Assereto;1
Billy Byrne;1
Blas de Lezo;1
Bobrak;1
Bogusław Radziwiłł;1
Bohdan Khmelnytsky;1
Bohuslav_of_%C5%A0vamberk;1
Boso_of_Vitzthum;1
Brian Layton;1
British Army during the American War of Independence;1
Carl Heinrich von Wedel;1
Carl Nieroth;1
Carl von Arensdorff;1
Carl von Rabenhaupt;1
Carl_Ewald_von_R%C3%B6nne;1
Carlo I Malatesta;1
Carlo_Grimaldi;1
Carlo_Salicetti;1
Carlos Coloma;1
Casimir III the Great;1
Casimir IV Jagiellon;1
Casimir Pulaski;1
Castle garrison;1
Catherine of Aragon;1
Catherine the Great;1
Čeněk of Wartenberg;1
Charles Armand Tuffin, marquis de la Rouerie;1
Claude-%C3%89lis%C3%A9e_de_Court_de_La_Bruy%C3%A8re;1
Claus_von_Ahlefeldt;1
Çoban Mustafa Pasha;1
Colonel;1
Colonel Foote;1
Colonel Hans Coine;1
Colonel Puleston[1];1
Committee of Estates;1
Company of Saynt George;1
Conchobhar Ó Deághaidh;1
Constantine Dragaš;1
Constantine I of Georgia;1
Cornelis de Witt;1
Cornelis Evertsen the Youngest;1
Cornelis Jol;1
Cornelis Matelief de Jonge;1
Clan Johnstone;1
Claude d'Annebault;1
Claude Lecourbe;1
Cornplanter;1
Cornstalk;1
Council of Swiss captains;1
Count Heinrich von Bellegarde;1
Cuauhtémoc;1
Cuitláhuac;1
Curt von Stedingk;1
Count_Rudolph_Colloredo-Wallsee;1
Crep_Vukoslavi%C4%87;1
Cristóbal de Mondragón;1
Cristóbal de Olid;1
Charles VI of France;1
Charles VI, Holy Roman Emperor;1
Charles VIII of France;1
Charles Michel de Langlade;1
Charles Mordaunt, 3rd Earl of Peterborough;1
Charles O'Hara;1
Charles Philippe Aubry;1
Charles Philippe de Croÿ, Marquis d’Havré;1
Charles Preston;1
Charles Wills;1
Charles V of France;1
Charles, Duke of Aumale;1
Charles, Duke of Mayenne;1
Charles_Fordyce;1
Charles_Lewis_(soldier);1
Chelyadnins;1
Chen Lin (Ming dynasty);1
Cheo_Yung;1
Chief Blackfish;1
Chin Timur Khan;1
China;1
Chiquito_(chief);1
Choe_Ho;1
Choi_Dak-ryang;1
Choi_Gyeong-hoe;1
Christian_Felix_Bauer;1
Christian_Wilhelm_von_Brandenburg;1
Christian I of Denmark;1
Christian I, Prince of Anhalt-Bernburg;1
Christian Moritz Graf Königsegg und Rothenfels;1
Gilbert Motier de La Fayette;1
Gilbert Talbot (soldier);1
Gilles de Rais;1
Giovanni Andrea Doria;1
Giovanni Antonio Del Balzo Orsini;1
Giovanni Marchese di Provera;1
Giovanni Ordelaffi;1
Go_Eop-baek;1
Godemar_du_Foy;1
Godert de Ginkell, 1st Earl of Athlone;1
Gon%C3%A7alo_Vasques_Coutinho;1
Goncales_de_Medran;1
Gonzalo de Sandoval;1
Gonzalo Fernández de Córdoba;1
George Scott (army officer);1
George Sinclair (mercenary);1
George Zápolya;1
George, Duke of Saxony;1
George Monro (British Army officer);1
George Mouzalon;1
George Munro, 1st of Culcairn;1
George Olivier, count of Wallis;1
George Pocock;1
George Rogers Clark;1
George II of Great Britain;1
George Johnstone (Royal Navy officer);1
George Goring, 1st Earl of Norwich;1
General Burchard Müller von der Luhnen;1
General Cronström;1
General Joseph Harmar;1
General officer;1
George Clifford, 3rd Earl of Cumberland;1
George Douglas, 4th Earl of Angus;1
George Forster;1
George Germain, 1st Viscount Sackville;1
George Gordon, 1st Marquess of Huntly;1
George Gordon, 2nd Marquess of Huntly;1
Friedrich von Arensdorff;1
Friedrich von Spörcken;1
Friedrich Wilhelm, Fürst zu Hohenlohe-Kirchberg;1
Friedrich,_Count_von_F%C3%BCrstenburg;1
Friedrich_von_Tiefenbach;1
Frisians;1
Fritz_Raweneck;1
Fruzhin;1
Fyodor_Mstislavsky;1
Galeotto I Malatesta;1
Gamō Ujisato;1
Gang Hong-rip;1
Garad_Emar;1
Garci Lasso de la Vega II;1
García Álvarez de Toledo, 1st Duke of Alba;1
García Álvarez de Toledo, 4th Marquis of Villafranca;1
Frederick IV, Duke of Holstein-Gottorp;1
Frederick Louis of Württemberg-Winnental;1
Frederick I of Denmark;1
Frederick I, Elector of Brandenburg;1
Frederick I, Elector Palatine;1
Frederick III, Holy Roman Emperor;1
Friedrich August von Finck;1
Friedrich Baum;1
Gaspard-Joseph Chaussegros de Léry;1
Gaston of Foix, Duke of Nemours;1
Gazi Evrenos;1
Gazi Husrev-beg;1
Hector Roy Mackenzie;1
Heinrich August de la Motte Fouqué;1
Heinrich von Breymann;1
Hemu;1
Hendrik van den Bergh (count);1
Hendrik_van_Haus;1
Henri de La Ferté-Senneterre;1
Hattori Kazutada;1
Hayreddin Barbarossa;1
Hachisuka Iemasa;1
Henri de Massue, Earl of Galway;1
Henri_Duval_Coiunt_of_Dampierre;1
Henrietta Maria;1
Henrique Dias;1
Henry de Percy, 2nd Baron Percy;1
Henry FitzRoy, 1st Duke of Grafton;1
Henry Hamilton (governor);1
Henry Hawley;1
Henry Bagenal;1
Henry Bouquet;1
Henry Bourchier, 2nd Earl of Essex;1
Henry Hopkins Sibley;1
Henry I, Duke of Guise;1
Henry de Beaumont;1
Henry Joy McCracken;1
Henry IV of England;1
Hans Joachim von Zieten;1
Hans Karl von Winterfeldt;1
Hans von Hallwyl (1433–1504);1
Hans Waldmann (mayor);1
Hans_Jauch;1
Hans_Kyff;1
Harada Naomasa;1
Hasan Khan Mewati;1
Hasan_Pasha_(Ottoman_commander);1
Hadım Suleiman Pasha (governor of Rumelia);1
Hadım Yakup Pasha;1
Hajikano_Den%27emon;1
Hanawa_Naoyuki;1
Hanneken_von_Baumgarten;1
Guy of Namur;1
Guy,_Bastard_of_Flanders;1
Guy_Le_Bouteiller;1
Guyasuta;1
Gwak Jae-u;1
Governor;1
Governor Ben Salah[1];1
Guillaume Cale;1
Gustaf Otto Stenbock;1
Gustaf_Wattrang;1
Gustav Horn, Count of Pori;1
Grigore I Ghica;1
Grigory_Dolgorukov;1
Gruffudd ab Owain Glyndŵr;1
Gerard Pietersz Hulft;1
Gerhard VII, Duke of Jülich-Berg;1
Gotō Mototsugu;1
James_Baeg_Stewart,_2nd_Laird_of_Ardvorlich;1
James_Barrett_(Continental_Army);1
James_Mercer_(colonel);1
James_Screven;1
Jan Borluut;1
Jan Karol Chodkiewicz;1
Jan Kazimierz Krasiński;1
Jan Kiliński;1
Jan Piotr Sapieha;1
Jan Stanisław Sapieha;1
Jan Tarnowski;1
Jan Willem de Winter;1
Jan Zamoyski;1
Jan Zborowski;1
James Livingston, 1st Earl of Callendar;1
James Mackay (soldier);1
James Moore (Continental Army officer);1
James Murray (Quebec governor);1
James Radclyffe, 3rd Earl of Derwentwater;1
James Johnston (Colonel);1
James King, 1st Lord Eythin;1
James III of Scotland;1
Jan_%C4%8Capek_of_S%C3%A1ny;1
Jan_Taszka_Koniecpolski;1
James Stewart, 1st Earl of Moray;1
James Tuchet, 5th Baron Audley;1
James Williams (Revolutionary War);1
Jean Baptiste Kléber;1
Jean Bureau;1
Jean de Beaumanoir;1
Jean de Brosse;1
Jean de Carrouges;1
Jean de Coligny-Saligny;1
Jean de Dunois;1
Jean de la Cassière;1
Jean de Ligne, Duke of Arenberg;1
Jean de Lille, Seneschal of Poitou[1];1
Jean de Montigny;1
Jacques of Savoy, Count of Romont;1
Jacques_Ferrand_(general);1
Jahan Khan;1
Jaime Miguel de Guzmán de Avalos y Spinola, Marquis of la Mina, Duke of Palata and Prince of Masa;1
Jacob van Heemskerk;1
Jacob van Wassenaer Duivenvoorde;1
Jacob van Wassenaer Obdam;1
Jacob Willekens;1
Jacques de Châtillon;1
Jacques de Haynin du Cornet;1
James Burd;1
James Butler, 1st Duke of Ormonde;1
James Butler, 5th Earl of Ormond;1
James Douglas, 2nd Earl of Douglas;1
James Douglas, 4th Earl of Morton;1
James Douglas, 9th Earl of Douglas;1
James Hepburn, 4th Earl of Bothwell;1
James Hamilton, 1st Duke of Hamilton;1
István Dobó;1
Itagaki Nobukata;1
Ivan Andreyevich Khovansky;1
Ivan Bohun;1
Ivan Crnojević;1
Ivan Essen;1
Ivan Frankopan Cetinski;1
Ivan Skoropadsky;1
Ivan the Terrible;1
Ivan Trubetskoy;1
Ivani%C5%A1_Mrnjav%C4%8Devi%C4%87;1
Ivazzade Halil Pasha;1
Jacob De la Gardie;1
Ii Naomori;1
Ikeda Tsuneoki;1
Ikkō-ikki;1
Im_Gye-yeong;1
Im_Hyeon;1
Humphrey Gilbert;1
İslâm III Giray;1
Ismail I;1
House of Golitsyn;1
House of La Marck;1
House of Lacković;1
Hugh Douglas, Earl of Ormonde;1
Hugh Maguire (Lord of Fermanagh);1
Hugh Mercer;1
Hugh Montgomerie, 1st Earl of Eglinton;1
Hugh O'Neill, Earl of Tyrone;1
Hugh Palliser;1
Hugh Percy, 2nd Duke of Northumberland;1
Hugh Roe O'Donnell;1
Holy League (1571);1
Honda Masanobu;1
Honda Tadakatsu;1
Huldrych Zwingli;1
Horatio Nelson, 1st Viscount Nelson;1
Hori Hidemasa;1
Imam-Quli Khan;1
Iman Willem Falck;1
Inaba Yoshimichi;1
Infante Henry, Duke of Villena;1
Iosif Igelström;1
Ippolito d'Este;1
Irakly_Morkov;1
"Isaac Butterfield&#160;";1
Isaac Davis (soldier);1
Isaac Shelby;1
Isabella I of Castile;1
Ishak Bey;1
Humphrey Stafford, 1st Earl of Devon;1
Husayn Beg Shamlu;1
Hussain_Pasha;1
Hwang Jin;1
Hwang_Dae-jung;1
Hwang_Won;1
Hyder Ali;1
I%C3%B1igo_de_la_Cruz_Manrique_de_Lara,_11th_Count_of_Aguilar;1
Ibrahim I of Shirvan;1
Ibrahim Khan Gardi;1
Ibrahim Lodi;1
Ibrahim_Shyshman;1
Hōjō Ujiteru;1
Herman Wrangel;1
Hermann IV of Hesse;1
Hetman;1
Hetmans of the Polish–Lithuanian Commonwealth;1
Hetmans of Ukrainians Cossacks;1
Heydon, Brennan, Redmond, Nolan;1
Hieronim Augustyn Lubomirski;1
Hiraga Genshin;1
Hōjō Sōun;1
Hōjō Tsunashige;1
Henry le Despenser;1
Henry Lee III;1
Henry of Grosmont, 1st Duke of Lancaster;1
Henry of Nassau-Dillenburg;1
Henry Percy, 4th Earl of Northumberland;1
Henry the Navigator;1
Henry VIII of England;1
Henry Wilmot, 1st Earl of Rochester;1
Henry_Balfour_(soldier);1
Henry_Johnson_(American_Revolutionary_War);1
Heo_Uk;1
Heraclius II of Georgia;1
Herman Husband;1
Kim_Gwi-hoe;1
Kim_Gyeong-ro;1
Kim_Jun-min;1
Kim_Seong-il;1
Kim_Ung-ham;1
Kim_Yeo-mul;1
Kimura Shigenari;1
Kikkawa_Motonaga;1
Kikkawa_Tsuneie;1
Julius Francis, Duke of Saxe-Lauenburg;1
Justinus van Nassau;1
Kemal Reis;1
Khalil Sultan;1
Khan (title);1
Khan Temir;1
Kikkawa Hiroie;1
Kinoshita_Sukehisa;1
Knyaz;1
Kō no Moroyasu;1
Kobayakawa Hideaki;1
Koca Davud Pasha;1
Koca Sinan Pasha;1
Kim Myeong-won;1
Kim Si-min;1
Kim Ung-so;1
Kim_Cheon_Il;1
Kim_Cheon-il;1
Joseph Wenzel I, Prince of Liechtenstein;1
Joseph Wightman;1
Joseph Winston;1
Josiah Winslow;1
Jost_Maximilian_von_Bronckhorst-Gronsfeld;1
Jovan Monasterlija;1
Józef Poniatowski;1
Józef Zajączek;1
Joseph Goreham;1
Joseph Holt (rebel);1
Joseph McDowell, Jr.;1
Joseph Souham;1
Joseph Spencer;1
John Talbot, 2nd Earl of Shrewsbury;1
John the Fearless;1
John Todd (Virginia);1
John V, Duke of Brittany;1
Juan José Navarro, 1st Marquis of la Victoria;1
Juan Manuel María de la Aurora, 8th duke of Escalona;1
Juan de la Cerda, 4th Duke of Medinaceli;1
Juan_Adolf_van_Haamstede;1
Juan_Rodriguez_de_Casta%C3%B1eda;1
Julian Cesarini;1
Karl Philipp Sebottendorf;1
Károly József Batthyány;1
Kaspar Röist;1
Kaspar_Nostyc;1
Kalanikūpule;1
Kamehameha I;1
Kan_Michinaga;1
Kaplan Girey;1
Kara Ahmed Pasha;1
Korea;1
Kōsa;1
Konstantin Balšić;1
Kunhali Marakkar;1
Kost_Hordienko;1
Koxinga;1
Laimbu;1
Lachit Borphukan;1
Kuroda Yoshitaka;1
Kurt Christoph Graf von Schwerin;1
Kurtoğlu Muslihiddin Reis;1
Kurushima Michifusa;1
Kusunoki Masashige;1
Lazare Carnot;1
Lazare Hoche;1
Lelio Brancaccio;1
Lamoral, Count of Egmont;1
Lars Gunnarson Hågå;1
L'Aymalle (first name and rank unknown);1
Leopold I, Duke of Austria;1
Leopold I, Prince of Anhalt-Dessau;1
Leopold III, Duke of Austria;1
Léopold Philippe d'Arenberg;1
Leopold Wilhelm, Margrave of Baden-Baden;1
Levi Todd;1
Li Rubai;1
Li Rusong;1
Lisowczycy;1
Little Turtle;1
Louis II of Hungary;1
Louis Guillouet, comte d'Orvilliers;1
Louis I d'Orléans, duc de Longueville;1
Louis Nicolas Victor de Félix d'Ollières;1
Louis of Burgundy;1
Louis of Poitiers;1
Louis_of_Tr%C3%A9migon;1
Louis-Hector de Callières;1
Louis XV of France;1
Louis, Count of Vendôme;1
Louis, Dauphin of France, Duke of Burgundy;1
Louis Antoine de Saint-Just;1
Louis Charles César Le Tellier;1
Louis Coulon de Villiers;1
Louis d'Aubusson de La Feuillade;1
Louis de Duras, 2nd Earl of Feversham;1
Louis de Gramont, 6th Duke of Gramont;1
Louis de Sancerre;1
Louis Desaix;1
Louis Du Pont Duchambon de Vergor;1
Lodrisio Visconti;1
Lord Balfour of Burleigh;1
Lord Edmund Howard;1
Lord Lovat;1
Lord of Beaujeu †;1
John VIII, Count of Nassau-Siegen;1
John Wemyss, 1st Earl of Wemyss;1
John Wenlock, 1st Baron Wenlock;1
John Winslow (British Army officer);1
John, King of Denmark;1
John_Baboni%C4%87;1
John_Boyd_(Loyalist);1
John_Hurry;1
John_Kingston_(sailor);1
John_Littlehales;1
Jonathan Eddy;1
Joos de Moor;1
José Solano y Bote;1
Joseph Bowman;1
John Poyer;1
John Prideaux (British Army officer);1
John Riabhach Mackay;1
John Rous;1
John Sevier;1
"John of Moidart (Iain&#160;Muideartach)";1
John Parker (captain);1
John Peche;1
John Stewart, 4th Earl of Atholl;1
John I Albert;1
John I of Castile;1
John Sutton, 1st Baron Dudley;1
John George III, Elector of Saxony;1
Joanna I of Naples;1
John Graves Simcoe;1
John Hastings, 2nd Earl of Pembroke;1
John Howard, 1st Duke of Norfolk;1
John I, Count of Armagnac;1
John I, Count of Dammartin;1
John I, Marquis of Namur;1
John II of Aragon;1
John II of France;1
John II of Luxembourg, Count of Ligny;1
John II of Portugal;1
John II, Marquess of Montferrat;1
John Neville, Baron Neville;1
John Norreys;1
John of Austria;1
John of Austria the Younger;1
John of Beauchamp;1
John of Bohemia;1
John of Gaunt, 1st Duke of Lancaster;1
John of Islay, Earl of Ross;1
John III, Lord of Renesse;1
John IV, Duke of Brittany;1
John Jervis, 1st Earl of St Vincent;1
John Kelly of Killanne;1
John Lacey (general);1
John Lambert (general);1
John Lawson (naval officer);1
John Ligonier, 1st Earl Ligonier;1
John Lilburne;1
John Maurice, Prince of Nassau-Siegen;1
John Middleton, 1st Earl of Middleton;1
John Moore (British Army officer);1
John More Mackay;1
John Murphy (priest);1
Johann Adolf II, Duke of Saxe-Weissenfels;1
Johann de Kalb;1
Johann Hermann von Fersen;1
Johann Matthias von der Schulenburg;1
Johann Peter Beaulieu;1
Johann Rall;1
Johann von Werth;1
Johann Wittenborg;1
Johann_von_Hanxleden;1
Johann_Winkelbruch;1
John Ashe (general);1
John Bazely;1
John Beaufort, 1st Duke of Somerset;1
John Bowman (pioneer);1
John Courtenay, 15th Earl of Devon;1
John Dalrymple, 2nd Earl of Stair;1
John de Bermingham, 1st Earl of Louth;1
John de la Pole, 1st Earl of Lincoln;1
John de Mowbray, 3rd Duke of Norfolk;1
John Buttrick;1
John Byron;1
John Byron, 1st Baron Byron;1
John Campbell, 2nd Duke of Argyll;1
John Chandos;1
John Dooly;1
John Douglas, Lord of Balvenie;1
John Dudley, 1st Duke of Northumberland;1
John Erskine, Earl of Mar (1675–1732);1
John Fastolf;1
John FitzAlan, 14th Earl of Arundel;1
John Forbes (general in the Portuguese service);1
John Frederick I, Elector of Saxony;1
Jean Lannes;1
Jean Le Maingre;1
Jean Nicolas Houchard;1
Jean Parisot de Valette;1
Jean François Carteaux;1
Jean François Cornu de La Poype;1
Jang_Un-ik;1
"Jankoji Shinde&#160;";1
Jean Thierry du Mont, comte de Gages;1
Jean III de Grailly, captal de Buch;1
Jean-Daniel Dumas;1
Jedidiah Preble;1
Jean_de_Mauquenchy;1
Jean-André van der Mersch;1
Ji%C5%99%C3%AD_Plach%C3%BD;1
Jiang_Biao;1
Jind%C5%99ich_of_Hradec;1
Jindrich Matyas Thurn;1
Jo%C3%A3o_Fernandes_Pacheco;1
Jo%C3%A3o_Fernandes_Vieira;1
Jo_Gyeong;1
Jo_Gyeong-nam;1
Joachim_R%C3%BCdiger_von_Goltz;1
Jens_Rodsten;1
Jeong Bal;1
Jeong Ki-ryong;1
Jeong_Gi-ryong;1
Jeong_Gi-won;1
Jeremi Wiśniowiecki;1
Jeremiah O'Brien;1
Jerome_de_Tseraarts;1
Jerzy Sebastian Lubomirski;1
