1;http://en.wikipedia.org/wiki/Battle_of_the_Golden_Spurs
2;http://en.wikipedia.org/wiki/Battle_of_Bapheus
3;http://en.wikipedia.org/wiki/Battle_of_Dimbos
4;http://en.wikipedia.org/wiki/Sieges_of_Stirling_Castle
5;http://en.wikipedia.org/wiki/Battle_of_Mons-en-P%C3%A9v%C3%A8le
6;http://en.wikipedia.org/wiki/Battle_of_Methven
7;http://en.wikipedia.org/wiki/Battle_of_Loudon_Hill
8;http://en.wikipedia.org/wiki/Battle_of_Halmyros
9;http://en.wikipedia.org/wiki/Battle_of_Gamelsdorf
10;http://en.wikipedia.org/wiki/Battle_of_Bannockburn
11;http://en.wikipedia.org/wiki/Battle_of_Montecatini
12;http://en.wikipedia.org/wiki/Battle_of_Morgarten
13;http://en.wikipedia.org/wiki/Battle_of_Picotin
14;http://en.wikipedia.org/wiki/Battle_of_Manolada
15;http://en.wikipedia.org/wiki/Second_Battle_of_Athenry
16;http://en.wikipedia.org/wiki/Battle_of_Dysert_O%27Dea
17;http://en.wikipedia.org/wiki/Battle_of_Faughart
18;http://en.wikipedia.org/wiki/Battle_of_Chios_(1319)
19;http://en.wikipedia.org/wiki/Battle_of_Bliska
20;http://en.wikipedia.org/wiki/Battle_of_Burton_Bridge_(1322)
21;http://en.wikipedia.org/wiki/Battle_of_Boroughbridge
22;http://en.wikipedia.org/wiki/Battle_of_M%C3%BChldorf
23;http://en.wikipedia.org/wiki/Battle_of_Zappolino
24;http://en.wikipedia.org/wiki/Battle_of_Cassel_(1328)
25;http://en.wikipedia.org/wiki/Battle_of_Pelekanon
26;http://en.wikipedia.org/wiki/Battle_of_Ardnocher
27;http://en.wikipedia.org/wiki/Battle_of_Posada
28;http://en.wikipedia.org/wiki/Battle_of_Fiodh_an_Atha
29;http://en.wikipedia.org/wiki/Battle_of_Dupplin_Moor
30;http://en.wikipedia.org/wiki/Battle_of_P%C5%82owce
31;http://en.wikipedia.org/wiki/Battle_of_Halidon_Hill
32;http://en.wikipedia.org/wiki/Battle_of_Minatogawa
33;http://en.wikipedia.org/wiki/Battle_of_Cadsand
34;http://en.wikipedia.org/wiki/Siege_of_Kanagasaki_(1337)
35;http://en.wikipedia.org/wiki/Battle_of_Arnemuiden
36;http://en.wikipedia.org/wiki/Battle_of_Parabiago
37;http://en.wikipedia.org/wiki/Battle_of_Sluys
38;http://en.wikipedia.org/wiki/Battle_of_Saint-Omer
39;http://en.wikipedia.org/wiki/Battle_of_Rio_Salado
40;http://en.wikipedia.org/wiki/Battle_of_Champtoceaux
41;http://en.wikipedia.org/wiki/Battle_of_Brest_(1342)
42;http://en.wikipedia.org/wiki/Battle_of_Morlaix
43;http://en.wikipedia.org/wiki/Battle_of_Stephaniana
44;http://en.wikipedia.org/wiki/Battle_of_Auberoche
45;http://en.wikipedia.org/wiki/Battle_of_Gamenario
46;http://en.wikipedia.org/wiki/Battle_of_Peritheorion
47;http://en.wikipedia.org/wiki/Battle_of_Warns
48;http://en.wikipedia.org/wiki/Battle_of_St-Pol-de-Leon
49;http://en.wikipedia.org/wiki/Battle_of_Caen_(1346)
50;http://en.wikipedia.org/wiki/Battle_of_Blanchetaque
51;http://en.wikipedia.org/wiki/Battle_of_Cr%C3%A9cy
52;http://en.wikipedia.org/wiki/Battle_of_Neville%27s_Cross
53;http://en.wikipedia.org/wiki/Siege_of_Calais_(1346)
54;http://en.wikipedia.org/wiki/Battle_of_La_Roche-Derrien
55;http://en.wikipedia.org/wiki/Battle_of_Lunalonge
56;http://en.wikipedia.org/wiki/Battle_of_Llucmajor
57;http://en.wikipedia.org/wiki/Les_Espagnols_sur_Mer
58;http://en.wikipedia.org/wiki/Battle_of_the_Thirty
59;http://en.wikipedia.org/wiki/Battle_of_Saintes
60;http://en.wikipedia.org/wiki/Battle_of_Ardres
61;http://en.wikipedia.org/wiki/Battle_of_Mauron
62;http://en.wikipedia.org/wiki/Battle_of_Sapienza
63;http://en.wikipedia.org/wiki/Battle_of_Poitiers_(1356)
64;http://en.wikipedia.org/wiki/Battle_of_Mello
65;http://en.wikipedia.org/wiki/Battle_of_Wisby
66;http://en.wikipedia.org/wiki/Battle_of_Helsingborg_(1362)
67;http://en.wikipedia.org/wiki/Battle_of_Brignais
68;http://en.wikipedia.org/wiki/Battle_of_Cocherel
69;http://en.wikipedia.org/wiki/Battle_of_Cascina
70;http://en.wikipedia.org/wiki/Battle_of_Auray
71;http://en.wikipedia.org/wiki/Battle_of_Adrianople_(1365)
72;http://en.wikipedia.org/wiki/Battle_of_N%C3%A1jera
73;http://en.wikipedia.org/wiki/Battle_of_Montiel
74;http://en.wikipedia.org/wiki/Battle_of_Pontvallain
75;http://en.wikipedia.org/wiki/Battle_of_Baesweiler
76;http://en.wikipedia.org/wiki/Battle_of_Maritsa
77;http://en.wikipedia.org/wiki/Battle_of_La_Rochelle
78;http://en.wikipedia.org/wiki/Battle_of_Chiset_(Chizai)
79;http://en.wikipedia.org/wiki/Cesena_Bloodbath
80;http://en.wikipedia.org/wiki/Battle_on_Pyana_River
81;http://en.wikipedia.org/wiki/Battle_of_Dubravnica
82;http://en.wikipedia.org/wiki/Battle_of_Kulikovo
83;http://en.wikipedia.org/wiki/Battle_of_North_Walsham
84;http://en.wikipedia.org/wiki/Battle_of_Roosebeke
85;http://en.wikipedia.org/wiki/Battle_of_Atoleiros
86;http://en.wikipedia.org/wiki/Tochar_Cruachain-Bri-Ele
87;http://en.wikipedia.org/wiki/Battle_of_Trancoso
88;http://en.wikipedia.org/wiki/Battle_of_Aljubarrota
89;http://en.wikipedia.org/wiki/Battle_of_Valverde
90;http://en.wikipedia.org/wiki/Battle_of_Savra
91;http://en.wikipedia.org/wiki/Battle_of_Sempach
92;http://en.wikipedia.org/wiki/Battle_of_Plo%C4%8Dnik
93;http://en.wikipedia.org/wiki/Battle_of_Castagnaro
94;http://en.wikipedia.org/wiki/Battle_of_Otterburn
95;http://en.wikipedia.org/wiki/Battle_of_Bile%C4%87a
96;http://en.wikipedia.org/wiki/Battle_of_Kosovo_Polje
97;http://en.wikipedia.org/wiki/Ros-mic-Triuin
98;http://en.wikipedia.org/wiki/Battle_of_Rovine
99;http://en.wikipedia.org/wiki/Battle_of_the_North_Inch
100;http://en.wikipedia.org/wiki/Battle_of_Nicopolis
101;http://en.wikipedia.org/wiki/Battle_of_Tragh-Bhaile
102;http://en.wikipedia.org/wiki/Battle_of_the_Vorskla_River
103;http://en.wikipedia.org/wiki/Battle_of_Mynydd_Hyddgen
104;http://en.wikipedia.org/wiki/Battle_of_Casalecchio
105;http://en.wikipedia.org/wiki/Battle_of_Bryn_Glas
106;http://en.wikipedia.org/wiki/Battle_of_Angora
107;http://en.wikipedia.org/wiki/Battle_of_Nesbit_Moor_(1402)
108;http://en.wikipedia.org/wiki/Battle_of_Homildon_Hill
109;http://en.wikipedia.org/wiki/Battle_of_Shrewsbury
110;http://en.wikipedia.org/wiki/Battle_of_Pwll_Melyn
111;http://en.wikipedia.org/wiki/Cluain_Immorrais
112;http://en.wikipedia.org/wiki/Battle_of_Tuiteam_Tarbhach
113;http://en.wikipedia.org/wiki/Battle_of_Bramham_Moor
114;http://en.wikipedia.org/wiki/Battle_of_Sanluri
115;http://en.wikipedia.org/wiki/Battle_of_Kherlen
116;http://en.wikipedia.org/wiki/Battle_of_Grunwald
117;http://en.wikipedia.org/wiki/Battle_of_Koronowo
118;http://en.wikipedia.org/wiki/Battle_of_Harlaw
119;http://en.wikipedia.org/wiki/Battle_of_Chalagan
120;http://en.wikipedia.org/wiki/Battle_of_Agincourt
121;http://en.wikipedia.org/wiki/Battle_of_Ceuta
122;http://en.wikipedia.org/wiki/Siege_of_Rouen
123;http://en.wikipedia.org/wiki/Battle_of_La_Rochelle_(1419)
124;http://en.wikipedia.org/wiki/Battle_of_Sudomer
125;http://en.wikipedia.org/wiki/Battle_of_Vitkov_Hill
126;http://en.wikipedia.org/wiki/Battle_of_Vysehrad
127;http://en.wikipedia.org/wiki/Battle_of_Bauge
128;http://en.wikipedia.org/wiki/Battle_of_Kutna_Hora
129;http://en.wikipedia.org/wiki/Battle_of_Nebovidy
130;http://en.wikipedia.org/wiki/Battle_of_N%C4%9Bmeck%C3%BD_Brod
131;http://en.wikipedia.org/wiki/Battle_of_Arbedo
132;http://en.wikipedia.org/wiki/Siege_of_Meaux
133;http://en.wikipedia.org/wiki/Battle_of_Horic
134;http://en.wikipedia.org/wiki/Battle_of_Cravant
135;http://en.wikipedia.org/wiki/Battle_of_Verneuil
136;http://en.wikipedia.org/wiki/Siege_of_Salonika
137;http://en.wikipedia.org/wiki/Battle_of_La_Brossini%C3%A8re
138;http://en.wikipedia.org/wiki/Battle_of_Zagonara
139;http://en.wikipedia.org/wiki/Battle_of_Brouwershaven
140;http://en.wikipedia.org/wiki/Battle_of_St._James
141;http://en.wikipedia.org/wiki/Battle_of_Usti_nad_Labem
142;http://en.wikipedia.org/wiki/Battle_of_Khirokitia
143;http://en.wikipedia.org/wiki/Siege_of_Orl%C3%A9ans
144;http://en.wikipedia.org/wiki/Battle_of_Jargeau
145;http://en.wikipedia.org/wiki/Battle_of_Meung-sur-Loire
146;http://en.wikipedia.org/wiki/Battle_of_Beaugency_(1429)
147;http://en.wikipedia.org/wiki/Battle_of_Patay
148;http://en.wikipedia.org/wiki/Siege_of_Compi%C3%A8gne
149;http://en.wikipedia.org/wiki/Battle_of_Soncino
150;http://en.wikipedia.org/wiki/Battle_of_Pavia_(1431)
151;http://en.wikipedia.org/wiki/Battle_of_Doma%C5%BElice
152;http://en.wikipedia.org/wiki/Battle_of_Inverlochy_(1431)
153;http://en.wikipedia.org/wiki/Battle_of_San_Romano
154;http://en.wikipedia.org/wiki/Battle_of_Lipany
155;http://en.wikipedia.org/wiki/Battle_of_Gerbevoy
156;http://en.wikipedia.org/wiki/Battle_of_Ponza_(1435)
157;http://en.wikipedia.org/wiki/Battle_of_Piperdean
158;http://en.wikipedia.org/wiki/Battle_of_Grotniki
159;http://en.wikipedia.org/wiki/Battle_of_Anghiari_(1440)
160;http://en.wikipedia.org/wiki/Siege_of_Novo_Brdo_(1440%E2%80%9341)
161;http://en.wikipedia.org/wiki/Battle_of_Zlatica
162;http://en.wikipedia.org/wiki/Battle_of_Kunovica
163;http://en.wikipedia.org/wiki/Battle_of_Varna
164;http://en.wikipedia.org/wiki/Battle_of_Gomit
165;http://en.wikipedia.org/wiki/Battle_of_Damghan_(1447)
166;http://en.wikipedia.org/wiki/Battle_of_Kosovo_(1448)
167;http://en.wikipedia.org/wiki/Battle_of_Alfarrobeira
168;http://en.wikipedia.org/wiki/Battle_of_Tumu_Fortress
169;http://en.wikipedia.org/wiki/Battle_of_Formigny
170;http://en.wikipedia.org/wiki/Battle_of_Castillon
171;http://en.wikipedia.org/wiki/Fall_of_Constantinople
172;http://en.wikipedia.org/wiki/Battle_of_Chojnice
173;http://en.wikipedia.org/wiki/Battle_of_Leskovac
174;http://en.wikipedia.org/wiki/Battle_of_Kru%C5%A1evac
175;http://en.wikipedia.org/wiki/Battle_of_Arkinholm
176;http://en.wikipedia.org/wiki/First_Battle_of_St_Albans
177;http://en.wikipedia.org/wiki/Siege_of_Belgrade_(1456)
178;http://en.wikipedia.org/wiki/Battle_of_Direptatea
179;http://en.wikipedia.org/wiki/Battle_of_Blore_Heath
180;http://en.wikipedia.org/wiki/Battle_of_Ludford_Bridge
181;http://en.wikipedia.org/wiki/Battle_of_Sandwich_(1460)
182;http://en.wikipedia.org/wiki/Battle_of_Northampton_(1460)
183;http://en.wikipedia.org/wiki/Battle_of_Wakefield
184;http://en.wikipedia.org/wiki/Battle_of_Mortimer%27s_Cross
185;http://en.wikipedia.org/wiki/Second_Battle_of_St_Albans
186;http://en.wikipedia.org/wiki/Battle_of_Ferrybridge
187;http://en.wikipedia.org/wiki/Battle_of_Towton
188;http://en.wikipedia.org/wiki/The_Night_Attack
189;http://en.wikipedia.org/wiki/Battle_of_%C5%9Awiecino
190;http://en.wikipedia.org/wiki/Battle_of_Zatoka_%C5%9Awie%C5%BCa
191;http://en.wikipedia.org/wiki/Battle_of_Hedgeley_Moor
192;http://en.wikipedia.org/wiki/Battle_of_Hexham
193;http://en.wikipedia.org/wiki/Battle_of_Molinella
194;http://en.wikipedia.org/wiki/Battle_of_Baia
195;http://en.wikipedia.org/wiki/Battle_of_Brustem
196;http://en.wikipedia.org/wiki/Battle_of_Edgecote_Moor
197;http://en.wikipedia.org/wiki/Battle_of_Lipnic
198;http://en.wikipedia.org/wiki/Battle_of_Negropont
199;http://en.wikipedia.org/wiki/Battle_of_Lose-coat_Field
200;http://en.wikipedia.org/wiki/Battle_of_Barnet
201;http://en.wikipedia.org/wiki/Battle_of_Tewkesbury
202;http://en.wikipedia.org/wiki/Battle_of_Brunkeberg
203;http://en.wikipedia.org/wiki/Battle_of_Otlukbeli
204;http://en.wikipedia.org/wiki/Siege_of_Neuss
205;http://en.wikipedia.org/wiki/Battle_of_H%C3%A9ricourt
206;http://en.wikipedia.org/wiki/Siege_of_Shkodra_(1474)
207;http://en.wikipedia.org/wiki/Battle_of_Vaslui
208;http://en.wikipedia.org/wiki/Battle_on_the_Planta
209;http://en.wikipedia.org/wiki/Battle_of_Toro
210;http://en.wikipedia.org/wiki/Battle_of_Grandson
211;http://en.wikipedia.org/wiki/Battle_of_Morat
212;http://en.wikipedia.org/wiki/Battle_of_Valea_Alb%C4%83
213;http://en.wikipedia.org/wiki/Battle_of_Nancy
214;http://en.wikipedia.org/wiki/Battle_of_Breadfield
215;http://en.wikipedia.org/wiki/Siege_of_Rhodes_(1480)
216;http://en.wikipedia.org/wiki/Battle_of_Bloody_Bay
217;http://en.wikipedia.org/wiki/Battle_of_Campomorto
218;http://en.wikipedia.org/wiki/Battle_of_Lochmaben_Fair
219;http://en.wikipedia.org/wiki/Battle_of_Bosworth_Field
220;http://en.wikipedia.org/wiki/Battle_of_Auldicharish
221;http://en.wikipedia.org/wiki/Battle_of_Stoke
222;http://en.wikipedia.org/wiki/Battle_of_Sauchieburn
223;http://en.wikipedia.org/wiki/Battle_of_Granada
224;http://en.wikipedia.org/wiki/Battle_of_Krbava_field
225;http://en.wikipedia.org/wiki/Battle_of_Fornovo
226;http://en.wikipedia.org/wiki/Battle_of_Codrii_Cosminului
227;http://en.wikipedia.org/wiki/Battle_of_Drumchatt
228;http://en.wikipedia.org/wiki/Battle_of_Hemmingstedt
229;http://en.wikipedia.org/wiki/Battle_of_Lepanto_(1500)
230;http://en.wikipedia.org/wiki/Battle_of_Vedrosha
231;http://en.wikipedia.org/wiki/Battle_of_Garigliano_(1503)
232;http://en.wikipedia.org/wiki/Battle_of_Diu_(1509)
233;http://en.wikipedia.org/wiki/Battle_of_Polesella
234;http://en.wikipedia.org/wiki/Battle_of_Agnadello
235;http://en.wikipedia.org/wiki/Siege_of_Padua
236;http://en.wikipedia.org/wiki/Battle_of_Ravenna_(1512)
237;http://en.wikipedia.org/wiki/Battle_of_Novara_(1513)
238;http://en.wikipedia.org/wiki/Battle_of_Guinegate_(1513)
239;http://en.wikipedia.org/wiki/Battle_of_Flodden_Field
240;http://en.wikipedia.org/wiki/Battle_of_La_Motta
241;http://en.wikipedia.org/wiki/Battle_of_Orsha
242;http://en.wikipedia.org/wiki/Battle_of_Chaldiran
243;http://en.wikipedia.org/wiki/Battle_of_Marignano
244;http://en.wikipedia.org/wiki/Arumer_Zwarte_Hoop
245;http://en.wikipedia.org/wiki/War_of_Urbino
246;http://en.wikipedia.org/wiki/Siege_of_Arai
247;http://en.wikipedia.org/wiki/Battle_of_Marj_Dabiq
248;http://en.wikipedia.org/wiki/Battle_of_Yaunis_Khan
249;http://en.wikipedia.org/wiki/Battle_of_Ridaniya
250;http://en.wikipedia.org/wiki/La_Noche_Triste
251;http://en.wikipedia.org/wiki/Fall_of_Tenochtitlan
252;http://en.wikipedia.org/wiki/Battle_of_Pampeluna
253;http://en.wikipedia.org/wiki/Suleiman_I
254;http://en.wikipedia.org/wiki/Battle_of_Bicocca
255;http://en.wikipedia.org/wiki/Siege_of_Rhodes_(1522)
256;http://en.wikipedia.org/wiki/Siege_of_Edo
257;http://en.wikipedia.org/wiki/Battle_of_Punta_Quemada
258;http://en.wikipedia.org/wiki/Battle_of_Frankenhausen
259;http://en.wikipedia.org/wiki/Battle_of_Pavia
260;http://en.wikipedia.org/wiki/First_battle_of_Panipat
261;http://en.wikipedia.org/wiki/Battle_of_Moh%C3%A1cs
262;http://en.wikipedia.org/wiki/Siege_of_Kamakura_(1526)
263;http://en.wikipedia.org/wiki/Sack_of_Rome_(1527)
264;http://en.wikipedia.org/wiki/Battle_of_Shimbra_Kure
265;http://en.wikipedia.org/wiki/Siege_of_Vienna
266;http://en.wikipedia.org/wiki/Battle_of_Gavinana
267;http://en.wikipedia.org/wiki/Battle_of_Antukyah
268;http://en.wikipedia.org/wiki/Battle_of_Pun%C3%A1
269;http://en.wikipedia.org/wiki/Battle_of_Obertyn
270;http://en.wikipedia.org/wiki/Battle_of_Kappel
271;http://en.wikipedia.org/wiki/Battle_of_Amba_Sel
272;http://en.wikipedia.org/wiki/Battle_of_Cajamarca
273;http://en.wikipedia.org/wiki/Battle_of_Cuzco
274;http://en.wikipedia.org/wiki/Battle_of_Un_no_Kuchi
275;http://en.wikipedia.org/wiki/Siege_of_Cuzco
276;http://en.wikipedia.org/wiki/Battle_of_Ollantaytambo
277;http://en.wikipedia.org/wiki/Battle_of_Las_Salinas
278;http://en.wikipedia.org/wiki/Battle_of_Preveza
279;http://en.wikipedia.org/wiki/Mabila
280;http://en.wikipedia.org/wiki/Battle_of_Sahart
281;http://en.wikipedia.org/wiki/Battle_of_Ba%C3%A7ente
282;http://en.wikipedia.org/wiki/Battle_of_Sezawa
283;http://en.wikipedia.org/wiki/Battle_of_Jarte
284;http://en.wikipedia.org/wiki/Battle_of_the_Hill_of_the_Jews
285;http://en.wikipedia.org/wiki/Battle_of_Haddon_Rig
286;http://en.wikipedia.org/wiki/Battle_of_Wofla
287;http://en.wikipedia.org/wiki/Battle_of_Solway_Moss
288;http://en.wikipedia.org/wiki/Battle_of_Azukizaka_(1542)
289;http://en.wikipedia.org/wiki/Siege_of_Uehara
290;http://en.wikipedia.org/wiki/Siege_of_Kuwabara
291;http://en.wikipedia.org/wiki/Siege_of_Fukuyo
292;http://en.wikipedia.org/wiki/Battle_of_Alltan-Beath
293;http://en.wikipedia.org/wiki/Battle_of_Wayna_Daga
294;http://en.wikipedia.org/wiki/Siege_of_Nagakubo
295;http://en.wikipedia.org/wiki/Battle_of_Ceresole
296;http://en.wikipedia.org/wiki/Siege_of_Kojinyama
297;http://en.wikipedia.org/wiki/Battle_of_the_Shirts
298;http://en.wikipedia.org/wiki/Battle_of_Ancrum_Moor
299;http://en.wikipedia.org/wiki/Siege_of_Takat%C5%8D_(1545)
300;http://en.wikipedia.org/wiki/Siege_of_Ry%C5%ABgasaki
301;http://en.wikipedia.org/wiki/Battle_of_the_Solent
302;http://en.wikipedia.org/wiki/Battle_of_Kawagoe
303;http://en.wikipedia.org/wiki/Battle_of_M%C3%BChlberg
304;http://en.wikipedia.org/wiki/Battle_of_Pinkie
305;http://en.wikipedia.org/wiki/Battle_of_Uedahara
306;http://en.wikipedia.org/wiki/Battle_of_Shirojiritoge
307;http://en.wikipedia.org/wiki/Siege_of_Fukashi
308;http://en.wikipedia.org/wiki/Siege_of_Tripoli_(1551)
309;http://en.wikipedia.org/wiki/Sieges_of_Toishi
310;http://en.wikipedia.org/wiki/Siege_of_Kazan_(1552)
311;http://en.wikipedia.org/wiki/Siege_of_Eger
312;http://en.wikipedia.org/wiki/Battles_of_Kawanakajima
313;http://en.wikipedia.org/wiki/Battle_of_Renty
314;http://en.wikipedia.org/wiki/Battles_of_Kawanakajima
315;http://en.wikipedia.org/wiki/Battle_of_Garbharry
316;http://en.wikipedia.org/wiki/Second_battle_of_Panipat
317;http://en.wikipedia.org/wiki/Battles_of_Kawanakajima
318;http://en.wikipedia.org/wiki/Battle_of_St._Quentin_(1557)
319;http://en.wikipedia.org/wiki/Siege_of_Calais_(1558)
320;http://en.wikipedia.org/wiki/Battle_of_Gravelines_(1558)
321;http://en.wikipedia.org/wiki/Battle_of_Djerba
322;http://en.wikipedia.org/wiki/Battle_of_Norada
323;http://en.wikipedia.org/wiki/Battle_of_Okehazama
324;http://en.wikipedia.org/wiki/Battles_of_Kawanakajima
325;http://en.wikipedia.org/wiki/Battle_of_Corrichie
326;http://en.wikipedia.org/wiki/Battle_of_Dreux
327;http://en.wikipedia.org/wiki/Battles_of_Kawanakajima
328;http://en.wikipedia.org/wiki/Battle_of_K%C5%8Dnodai_(1564)
329;http://en.wikipedia.org/wiki/Battle_of_Azukizaka_(1564)
330;http://en.wikipedia.org/wiki/Siege_of_Malta_(1565)
331;http://en.wikipedia.org/wiki/Battle_of_Szigetv%C3%A1r
332;http://en.wikipedia.org/wiki/Battle_of_Oosterweel
333;http://en.wikipedia.org/wiki/Battle_of_Carberry_Hill
334;http://en.wikipedia.org/wiki/Battle_of_Langside
335;http://en.wikipedia.org/wiki/Battle_of_Rheindalen
336;http://en.wikipedia.org/wiki/Battle_of_Heiligerlee_(1568)
337;http://en.wikipedia.org/wiki/Battle_of_Jemmingen
338;http://en.wikipedia.org/wiki/Battle_of_Jodoigne
339;http://en.wikipedia.org/wiki/Siege_of_Hachigata_1568
340;http://en.wikipedia.org/wiki/Siege_of_Odawara_(1569)
341;http://en.wikipedia.org/wiki/Battle_of_Mimasetoge
342;http://en.wikipedia.org/wiki/Battle_of_Jarnac
343;http://en.wikipedia.org/wiki/Battle_of_La_Roche-l%27Abeille
344;http://en.wikipedia.org/wiki/Battle_of_Moncontour
345;http://en.wikipedia.org/wiki/Siege_of_Ch%C5%8Dk%C5%8D-ji
346;http://en.wikipedia.org/wiki/Battle_of_Anegawa
347;http://en.wikipedia.org/wiki/Siege_of_Mount_Hiei
348;http://en.wikipedia.org/wiki/Battle_of_Lepanto_(1571)
349;http://en.wikipedia.org/wiki/Sieges_of_Nagashima
350;http://en.wikipedia.org/wiki/Battle_of_Molodi
351;http://en.wikipedia.org/wiki/Siege_of_Futamata
352;http://en.wikipedia.org/wiki/Relief_of_Goes
353;http://en.wikipedia.org/wiki/Capture_of_Brielle
354;http://en.wikipedia.org/wiki/Battle_of_Mikatagahara
355;http://en.wikipedia.org/wiki/Siege_of_Iwamura
356;http://en.wikipedia.org/wiki/Siege_of_Odani
357;http://en.wikipedia.org/wiki/Siege_of_Ichijo_ga_dani
358;http://en.wikipedia.org/wiki/Siege_of_Noda
359;http://en.wikipedia.org/wiki/Battle_of_Flushing
360;http://en.wikipedia.org/wiki/Battle_of_Borsele
361;http://en.wikipedia.org/wiki/Battle_of_Haarlemmermeer
362;http://en.wikipedia.org/wiki/Siege_of_Haarlem
363;http://en.wikipedia.org/wiki/Battle_on_the_Zuiderzee
364;http://en.wikipedia.org/wiki/Battle_of_Reimerswaal
365;http://en.wikipedia.org/wiki/Siege_of_Leiden
366;http://en.wikipedia.org/wiki/Battle_of_Mookerheyde
367;http://en.wikipedia.org/wiki/Battle_of_Lillo
368;http://en.wikipedia.org/wiki/Battle_of_Takatenjin
369;http://en.wikipedia.org/wiki/Sieges_of_Nagashima
370;http://en.wikipedia.org/wiki/Siege_of_Itami_(1574)
371;http://en.wikipedia.org/wiki/Battle_of_Nagashino
372;http://en.wikipedia.org/wiki/Sieges_of_Nagashima
373;http://en.wikipedia.org/wiki/Siege_of_Mitsuji
374;http://en.wikipedia.org/wiki/Battles_of_Kizugawaguchi
375;http://en.wikipedia.org/wiki/Battle_of_Lubiesz%C3%B3w
376;http://en.wikipedia.org/wiki/Battle_of_Tedorigawa
377;http://en.wikipedia.org/wiki/Battle_of_Gembloux
378;http://en.wikipedia.org/wiki/Battle_of_Alcazarquivir
379;http://en.wikipedia.org/wiki/Battles_of_Kizugawaguchi
380;http://en.wikipedia.org/wiki/Battle_of_Rijmenam_(1578)
381;http://en.wikipedia.org/wiki/Siege_of_Kozuki
382;http://en.wikipedia.org/wiki/Battle_of_%C3%87%C4%B1ld%C4%B1r
383;http://en.wikipedia.org/wiki/Siege_of_Itami_(1579)
384;http://en.wikipedia.org/wiki/Siege_of_Maastricht
385;http://en.wikipedia.org/wiki/Battle_of_Alc%C3%A2ntara_(1580)
386;http://en.wikipedia.org/wiki/Siege_of_Ishiyama_Honganji
387;http://en.wikipedia.org/wiki/Siege_of_Miki
388;http://en.wikipedia.org/wiki/Siege_of_Breda_(1581)
389;http://en.wikipedia.org/wiki/Siege_of_Takatenjin_(1581)
390;http://en.wikipedia.org/wiki/Siege_of_Tottori
391;http://en.wikipedia.org/wiki/Battle_of_Temmokuzan
392;http://en.wikipedia.org/wiki/Siege_of_Takamatsu
393;http://en.wikipedia.org/wiki/Incident_at_Honn%C5%8D-ji
394;http://en.wikipedia.org/wiki/Battle_of_Yamazaki
395;http://en.wikipedia.org/wiki/Battle_of_Uchide-hama
396;http://en.wikipedia.org/wiki/Battle_of_Shizugatake
397;http://en.wikipedia.org/wiki/Battle_of_Torches
398;http://en.wikipedia.org/wiki/Battle_of_Komaki_and_Nagakute
399;http://en.wikipedia.org/wiki/Invasion_of_Shikoku_(1585)
400;http://en.wikipedia.org/wiki/Battle_of_Zutphen
401;http://en.wikipedia.org/wiki/Battle_of_Coutras
402;http://en.wikipedia.org/wiki/Battle_of_Vimory
403;http://en.wikipedia.org/wiki/Battle_of_Byczyna
404;http://en.wikipedia.org/wiki/Battle_of_Ivry
405;http://en.wikipedia.org/wiki/Siege_of_Odawara_(1590)
406;http://en.wikipedia.org/wiki/Siege_of_Shimoda
407;http://en.wikipedia.org/wiki/Battle_of_Sangju_(1592)
408;http://en.wikipedia.org/wiki/Battle_of_Ch%27ungju
409;http://en.wikipedia.org/wiki/Battle_of_Okpo
410;http://en.wikipedia.org/wiki/Siege_of_Busan
411;http://en.wikipedia.org/wiki/Battle_of_Hansan_Island
412;http://en.wikipedia.org/wiki/Battle_of_Busan_(1592)
413;http://en.wikipedia.org/wiki/Siege_of_Pyongyang_(1592)
414;http://en.wikipedia.org/wiki/Siege_of_Jinju_(1592)
415;http://en.wikipedia.org/wiki/Battle_of_Byeokjegwan
416;http://en.wikipedia.org/wiki/Battle_of_Haengju
417;http://en.wikipedia.org/wiki/Siege_of_Jinju_(1593)
418;http://en.wikipedia.org/wiki/Battle_of_Sisak
419;http://en.wikipedia.org/wiki/The_Battle_of_Dryfe_Sands
420;http://en.wikipedia.org/wiki/Battle_of_Glenlivet
421;http://en.wikipedia.org/wiki/Battle_of_Keresztes
422;http://en.wikipedia.org/wiki/Capture_of_Cadiz
423;http://en.wikipedia.org/wiki/Battle_of_Turnhout_(1597)
424;http://en.wikipedia.org/wiki/Battle_of_Chilchonryang
425;http://en.wikipedia.org/wiki/Siege_of_Namwon
426;http://en.wikipedia.org/wiki/Siege_of_Ulsan
427;http://en.wikipedia.org/wiki/Battle_of_Myeongnyang
428;http://en.wikipedia.org/wiki/Battle_of_the_Yellow_Ford
429;http://en.wikipedia.org/wiki/Battle_of_St%C3%A5ngebro
430;http://en.wikipedia.org/wiki/Battle_of_Sacheon_(1598)
431;http://en.wikipedia.org/wiki/Battle_of_Noryang_Point
432;http://en.wikipedia.org/wiki/Battle_of_Sekigahara
433;http://en.wikipedia.org/wiki/Battle_of_Nieuwpoort
434;http://en.wikipedia.org/wiki/Battle_of_Bantam
435;http://en.wikipedia.org/wiki/Battle_of_Sluys
436;http://en.wikipedia.org/wiki/Battle_of_Bra%C5%9Fov
437;http://en.wikipedia.org/wiki/Battle_of_Dobrynichi
438;http://en.wikipedia.org/wiki/Battle_of_Kircholm
439;http://en.wikipedia.org/wiki/Battle_of_Cape_Rachado
440;http://en.wikipedia.org/wiki/Battle_of_Gibraltar_(1607)
441;http://en.wikipedia.org/wiki/Siege_of_Troitse-Sergiyeva_Lavra
442;http://en.wikipedia.org/wiki/Battle_of_Kluszyn
443;http://en.wikipedia.org/wiki/Siege_of_Smolensk_(1609-11)
444;http://en.wikipedia.org/wiki/Battle_of_Kringen
445;http://en.wikipedia.org/wiki/Battle_of_Imafuku
446;http://en.wikipedia.org/wiki/Battle_of_Kashii
447;http://en.wikipedia.org/wiki/Battle_of_Tennoji
448;http://en.wikipedia.org/wiki/Battle_of_Playa_Honda
449;http://en.wikipedia.org/wiki/Siege_of_Plze%C5%88
450;http://en.wikipedia.org/wiki/Battle_of_Sablat
451;http://en.wikipedia.org/wiki/Battle_of_Sarhu
452;http://en.wikipedia.org/wiki/Battle_of_Wisternitz
453;http://en.wikipedia.org/wiki/Battle_of_White_Mountain
454;http://en.wikipedia.org/wiki/Battle_of_Khotyn_(1621)
455;http://en.wikipedia.org/wiki/Battle_of_Mingolsheim
456;http://en.wikipedia.org/wiki/Battle_of_Wimpfen
457;http://en.wikipedia.org/wiki/Battle_of_H%C3%B6chst
458;http://en.wikipedia.org/wiki/Battle_of_Fleurus_(1622)
459;http://en.wikipedia.org/wiki/Battle_of_Stadtlohn
460;http://en.wikipedia.org/wiki/Capture_of_Bahia
461;http://en.wikipedia.org/wiki/Battle_of_Playa_Honda
462;http://en.wikipedia.org/wiki/Siege_of_Breda_(1624)
463;http://en.wikipedia.org/wiki/Recapture_of_Bahia
464;http://en.wikipedia.org/wiki/Action_of_1_February_1625
465;http://en.wikipedia.org/wiki/Battle_of_Elmina_(1625)
466;http://en.wikipedia.org/wiki/Battle_of_Wallhof
467;http://en.wikipedia.org/wiki/Battle_of_Lutter_am_Berenberge
468;http://en.wikipedia.org/wiki/Battle_of_Dirschau
469;http://en.wikipedia.org/wiki/Siege_of_Groenlo_(1627)
470;http://en.wikipedia.org/wiki/Battle_of_Oliwa
471;http://en.wikipedia.org/wiki/Battle_in_the_Bay_of_Matanzas
472;http://en.wikipedia.org/wiki/Battle_of_G%C3%B3rzno
473;http://en.wikipedia.org/wiki/Battle_of_Trzciana
474;http://en.wikipedia.org/wiki/Siege_of_%27s-Hertogenbosch
475;http://en.wikipedia.org/wiki/Siege_of_Recife_(1630)
476;http://en.wikipedia.org/wiki/Sack_of_Magdeburg
477;http://en.wikipedia.org/wiki/Battle_of_Albrolhos
478;http://en.wikipedia.org/wiki/Battle_of_Breitenfeld_(1631)
479;http://en.wikipedia.org/wiki/Battle_of_the_Slaak
480;http://en.wikipedia.org/wiki/Battle_of_Rain
481;http://en.wikipedia.org/wiki/Capture_of_Maastricht
482;http://en.wikipedia.org/wiki/Battle_of_L%C3%BCtzen_(1632)
483;http://en.wikipedia.org/wiki/Battle_of_Wittstock
484;http://en.wikipedia.org/wiki/Battle_of_Elmina_(1637)
485;http://en.wikipedia.org/wiki/Siege_of_Breda_(1637)
486;http://en.wikipedia.org/wiki/Battle_of_Kallo
487;http://en.wikipedia.org/wiki/Battle_of_the_Downs
488;http://en.wikipedia.org/wiki/Action_of_30_September_1639
489;http://en.wikipedia.org/wiki/Battle_of_Malacca_(1641)
490;http://en.wikipedia.org/wiki/Capture_of_Luanda
491;http://en.wikipedia.org/wiki/Battle_of_Honnecourt
492;http://en.wikipedia.org/wiki/Battle_of_Edgehill
493;http://en.wikipedia.org/wiki/Battle_of_Breitenfeld_(1642)
494;http://en.wikipedia.org/wiki/Battle_of_Brentford_(1642)
495;http://en.wikipedia.org/wiki/Battle_of_Lostwithiel
496;http://en.wikipedia.org/wiki/Battle_of_Rocroi
497;http://en.wikipedia.org/wiki/Battle_of_Adwalton_Moor
498;http://en.wikipedia.org/wiki/Battle_of_Burton_Bridge_(1643)
499;http://en.wikipedia.org/wiki/Battle_of_Lansdowne
500;http://en.wikipedia.org/wiki/Battle_of_Roundway_Down
501;http://en.wikipedia.org/wiki/First_Battle_of_Newbury
502;http://en.wikipedia.org/wiki/Battle_of_Tuttlingen
503;http://en.wikipedia.org/wiki/Battle_of_Ochmat%C3%B3w_(1644)
504;http://en.wikipedia.org/wiki/Battle_of_Cropredy_Bridge
505;http://en.wikipedia.org/wiki/Battle_of_Marston_Moor
506;http://en.wikipedia.org/wiki/Battle_of_Freiburg
507;http://en.wikipedia.org/wiki/Battle_of_Tippermuir
508;http://en.wikipedia.org/wiki/Battle_of_Lostwithiel
509;http://en.wikipedia.org/wiki/Battle_of_Aberdeen_(1644)
510;http://en.wikipedia.org/wiki/Second_Battle_of_Newbury
511;http://en.wikipedia.org/wiki/Battle_of_J%C3%BCterbog
512;http://en.wikipedia.org/wiki/Battle_of_Lagoscuro
513;http://en.wikipedia.org/wiki/Battle_of_Inverlochy_(1645)
514;http://en.wikipedia.org/wiki/Battle_of_Jankau
515;http://en.wikipedia.org/wiki/Siege_of_Hulst
516;http://en.wikipedia.org/wiki/Battle_of_Auldearn
517;http://en.wikipedia.org/wiki/Battle_of_Naseby
518;http://en.wikipedia.org/wiki/Battle_of_Alford
519;http://en.wikipedia.org/wiki/Battle_of_N%C3%B6rdlingen_(1645)
520;http://en.wikipedia.org/wiki/Battle_of_Tabocas
521;http://en.wikipedia.org/wiki/Battle_of_Kilsyth
522;http://en.wikipedia.org/wiki/Battle_of_Philiphaugh
523;http://en.wikipedia.org/wiki/Battle_of_Benburb
524;http://en.wikipedia.org/wiki/Battles_of_La_Naval_de_Manila
525;http://en.wikipedia.org/wiki/Battle_of_Dungans_Hill
526;http://en.wikipedia.org/wiki/Battle_of_Knocknanuss
527;http://en.wikipedia.org/wiki/Battle_of_Puerto_de_Cavite
528;http://en.wikipedia.org/wiki/Battle_of_Kombi
529;http://en.wikipedia.org/wiki/Battle_of_Maidstone
530;http://en.wikipedia.org/wiki/Battle_of_St_Fagans
531;http://en.wikipedia.org/wiki/Siege_of_Pembroke
532;http://en.wikipedia.org/wiki/First_Battle_of_Guararapes
533;http://en.wikipedia.org/wiki/Battle_of_Zusmarshausen
534;http://en.wikipedia.org/wiki/Battle_of_Prague_(1648)
535;http://en.wikipedia.org/wiki/Battle_of_Preston_(1648)
536;http://en.wikipedia.org/wiki/Battle_of_Lens
537;http://en.wikipedia.org/wiki/Second_Battle_of_Guararapes
538;http://en.wikipedia.org/wiki/Battle_of_Rathmines
539;http://en.wikipedia.org/wiki/Battle_of_Dunbar_(1650)
540;http://en.wikipedia.org/wiki/Battle_of_Worcester
541;http://en.wikipedia.org/wiki/Battle_of_Berestechko
542;http://en.wikipedia.org/wiki/Battle_of_Goodwin_Sands
543;http://en.wikipedia.org/wiki/Battle_of_Plymouth
544;http://en.wikipedia.org/wiki/Battle_of_Elba
545;http://en.wikipedia.org/wiki/Battle_of_the_Kentish_Knock
546;http://en.wikipedia.org/wiki/Battle_of_Dungeness
547;http://en.wikipedia.org/wiki/Battle_of_Bl%C3%A9neau
548;http://en.wikipedia.org/wiki/Battle_of_Portland
549;http://en.wikipedia.org/wiki/Battle_of_Livorno
550;http://en.wikipedia.org/wiki/Battle_of_Leghorn
551;http://en.wikipedia.org/wiki/Battle_of_the_Gabbard
552;http://en.wikipedia.org/wiki/Battle_of_Scheveningen
553;http://en.wikipedia.org/wiki/Battle_of_Arras_(1654)
554;http://en.wikipedia.org/wiki/Action_of_23_March_1654
555;http://en.wikipedia.org/wiki/Action_of_2_May_1654
556;http://en.wikipedia.org/wiki/Battle_of_%C5%BBarn%C3%B3w
557;http://en.wikipedia.org/wiki/Battle_of_Nowy_Dw%C3%B3r_Mazowiecki
558;http://en.wikipedia.org/wiki/Battle_of_Cz%C4%99stochowa
559;http://en.wikipedia.org/wiki/Siege_of_Warsaw_(1656)
560;http://en.wikipedia.org/wiki/Battle_of_Warsaw_(1656)
561;http://en.wikipedia.org/wiki/Battle_of_Prostken
562;http://en.wikipedia.org/wiki/Battle_of_the_Dunes_(1658)
563;http://en.wikipedia.org/wiki/Battle_of_Kolding_(1658)
564;http://en.wikipedia.org/wiki/Battle_at_Elvas
565;http://en.wikipedia.org/wiki/Battle_of_Polonka
566;http://en.wikipedia.org/wiki/Battle_of_Chudnov
567;http://en.wikipedia.org/wiki/Siege_of_Fort_Zeelandia
568;http://en.wikipedia.org/wiki/Battle_of_Saint_Gotthard_(1664)
569;http://en.wikipedia.org/wiki/Battle_of_Lowestoft
570;http://en.wikipedia.org/wiki/Battle_of_V%C3%A5gen
571;http://en.wikipedia.org/wiki/Battle_of_Ambuila
572;http://en.wikipedia.org/wiki/Battle_of_Montes_Claros
573;http://en.wikipedia.org/wiki/Four_Days%27_Battle
574;http://en.wikipedia.org/wiki/St._James%27s_Day_Battle
575;http://en.wikipedia.org/wiki/Raid_on_the_Medway
576;http://en.wikipedia.org/wiki/Battle_of_Saraighat
577;http://en.wikipedia.org/wiki/Battle_of_Solebay
578;http://en.wikipedia.org/wiki/Siege_of_Groningen
579;http://en.wikipedia.org/wiki/Siege_of_Groenlo_(1672)
580;http://en.wikipedia.org/wiki/Siege_of_Bonn_(1673)
581;http://en.wikipedia.org/wiki/Battle_of_Khotyn_(1673)
582;http://en.wikipedia.org/wiki/Battle_of_Schooneveld
583;http://en.wikipedia.org/wiki/Siege_of_Maastricht_(1673)
584;http://en.wikipedia.org/wiki/Battle_of_Schooneveld
585;http://en.wikipedia.org/wiki/Battle_of_Texel
586;http://en.wikipedia.org/wiki/Battle_of_Seneffe
587;http://en.wikipedia.org/wiki/Battle_of_Lw%C3%B3w_(1675)
588;http://en.wikipedia.org/wiki/Battle_of_Fehrbellin
589;http://en.wikipedia.org/wiki/Battle_of_Turckheim
590;http://en.wikipedia.org/wiki/Great_Swamp_Fight
591;http://en.wikipedia.org/wiki/Battle_of_Agosta
592;http://en.wikipedia.org/wiki/Battle_of_Bornholm_(1676)
593;http://en.wikipedia.org/wiki/Battle_of_%C3%96land
594;http://en.wikipedia.org/wiki/Battle_of_Lund
595;http://en.wikipedia.org/wiki/Battle_of_Malm%C3%B6
596;http://en.wikipedia.org/wiki/Battle_of_Landskrona
597;http://en.wikipedia.org/wiki/Battle_of_Cassel_(1677)
598;http://en.wikipedia.org/wiki/Battle_of_Marstrand
599;http://en.wikipedia.org/wiki/Battle_of_Uddevalla
600;http://en.wikipedia.org/wiki/Battle_of_Saint-Denis_(1678)
601;http://en.wikipedia.org/wiki/Battle_of_Drumclog
602;http://en.wikipedia.org/wiki/Battle_of_Bothwell_Bridge
603;http://en.wikipedia.org/wiki/Battle_of_Vienna
604;http://en.wikipedia.org/wiki/Battle_of_Sedgemoor
605;http://en.wikipedia.org/wiki/Battle_of_Moh%C3%A1cs_(1687)
606;http://en.wikipedia.org/wiki/Battle_of_Reading_(1688)
607;http://en.wikipedia.org/wiki/Battle_of_Bhangani
608;http://en.wikipedia.org/wiki/Battle_of_Fort_Albany
609;http://en.wikipedia.org/wiki/Battle_of_Bantry_Bay
610;http://en.wikipedia.org/wiki/Battle_of_Beachy_Head_(1690)
611;http://en.wikipedia.org/wiki/Battle_of_Fleurus_(1690)
612;http://en.wikipedia.org/wiki/Battle_of_the_Boyne
613;http://en.wikipedia.org/wiki/Battle_of_Quebec_(1690)
614;http://en.wikipedia.org/wiki/Battle_of_Aughrim
615;http://en.wikipedia.org/wiki/Battle_of_Slankamen
616;http://en.wikipedia.org/wiki/Battle_of_La_Prairie
617;http://en.wikipedia.org/wiki/Battle_of_Leuze
618;http://en.wikipedia.org/wiki/Battles_of_Barfleur_and_La_Hogue
619;http://en.wikipedia.org/wiki/Siege_of_Namur_(1692)
620;http://en.wikipedia.org/wiki/Battle_of_Steenkerque
621;http://en.wikipedia.org/wiki/Battle_of_Lagos_(1693)
622;http://en.wikipedia.org/wiki/Battle_of_Neerwinden_(1693)
623;http://en.wikipedia.org/wiki/Battle_of_Torroella
624;http://en.wikipedia.org/wiki/Battle_of_Camaret
625;http://en.wikipedia.org/wiki/Battle_of_Zenta
626;http://en.wikipedia.org/wiki/Battle_of_Narva_(1700)
627;http://en.wikipedia.org/wiki/Crossing_of_the_D%C3%BCna
628;http://en.wikipedia.org/wiki/Battle_of_Cremona
629;http://en.wikipedia.org/wiki/Battle_of_Klissow
630;http://en.wikipedia.org/wiki/Battle_of_Hummelshof
631;http://en.wikipedia.org/wiki/Battle_of_Friedlingen
632;http://en.wikipedia.org/wiki/Battle_of_Vigo_Bay
633;http://en.wikipedia.org/wiki/Battle_of_Schellenberg
634;http://en.wikipedia.org/wiki/Battle_of_Blenheim
635;http://en.wikipedia.org/wiki/Battle_of_Gemauerthof
636;http://en.wikipedia.org/wiki/Battle_of_Warsaw_(1705)
637;http://en.wikipedia.org/wiki/Battle_of_Fraustadt
638;http://en.wikipedia.org/wiki/Siege_of_Barcelona_(1706)
639;http://en.wikipedia.org/wiki/Battle_of_Ramillies
640;http://en.wikipedia.org/wiki/Battle_of_Turin
641;http://en.wikipedia.org/wiki/Battle_of_Almansa
642;http://en.wikipedia.org/wiki/Battle_of_Holowczyn
643;http://en.wikipedia.org/wiki/Battle_of_Oudenarde
644;http://en.wikipedia.org/wiki/Battle_of_Lesnaya
645;http://en.wikipedia.org/wiki/Battle_of_Wijnendale
646;http://en.wikipedia.org/wiki/Battle_of_Poltava
647;http://en.wikipedia.org/wiki/Battle_of_Malplaquet
648;http://en.wikipedia.org/wiki/Battle_of_Helsingborg
649;http://en.wikipedia.org/wiki/Battle_of_Almenar
650;http://en.wikipedia.org/wiki/Battle_of_Saragossa
651;http://en.wikipedia.org/wiki/Battle_of_Brihuega
652;http://en.wikipedia.org/wiki/Battle_of_Villaviciosa
653;http://en.wikipedia.org/wiki/Russo-Turkish_War_(1710%E2%80%931711)
654;http://en.wikipedia.org/wiki/Quebec_Expedition
655;http://en.wikipedia.org/wiki/First_Battle_of_Bloody_Creek
656;http://en.wikipedia.org/wiki/Second_Battle_of_Bloody_Creek
657;http://en.wikipedia.org/wiki/Cassard_expedition
658;http://en.wikipedia.org/wiki/Battle_of_Denain
659;http://en.wikipedia.org/wiki/Battle_of_Gadebusch
660;http://en.wikipedia.org/wiki/Battle_of_Storkyro
661;http://en.wikipedia.org/wiki/Battle_of_Gangut
662;http://en.wikipedia.org/wiki/Battle_of_Preston_(1715)
663;http://en.wikipedia.org/wiki/Battle_of_Sheriffmuir
664;http://en.wikipedia.org/wiki/Battle_of_Dynekilen
665;http://en.wikipedia.org/wiki/Battle_of_Petrovaradin
666;http://en.wikipedia.org/wiki/Battle_of_the_Salween_River
667;http://en.wikipedia.org/wiki/Siege_of_Fredriksten
668;http://en.wikipedia.org/wiki/Battle_of_Glen_Shiel
669;http://en.wikipedia.org/wiki/Battle_of_Palkhed
670;http://en.wikipedia.org/wiki/Battle_of_Damghan_(1729)
671;http://en.wikipedia.org/wiki/Battle_of_Bitonto
672;http://en.wikipedia.org/wiki/Battle_of_Guastalla
673;http://en.wikipedia.org/wiki/Battle_of_Grocka
674;http://en.wikipedia.org/wiki/Battle_of_Stavuchany
675;http://en.wikipedia.org/wiki/Battle_of_Cartagena_de_Indias
676;http://en.wikipedia.org/wiki/Battle_of_Mollwitz
677;http://en.wikipedia.org/wiki/Battle_of_Colachel
678;http://en.wikipedia.org/wiki/Battle_of_Chotusitz
679;http://en.wikipedia.org/wiki/Battle_of_Dettingen
680;http://en.wikipedia.org/wiki/Battle_of_Toulon_(1744)
681;http://en.wikipedia.org/wiki/Battle_of_Villafranca_(1744)
682;http://en.wikipedia.org/wiki/Battle_of_Casteldelfino
683;http://en.wikipedia.org/wiki/Battle_of_Madonna_dell%27Olmo
684;http://en.wikipedia.org/wiki/Battle_of_Fontenoy
685;http://en.wikipedia.org/wiki/Battle_of_Hohenfriedberg
686;http://en.wikipedia.org/wiki/Battle_of_Prestonpans
687;http://en.wikipedia.org/wiki/Battle_of_Soor
688;http://en.wikipedia.org/wiki/Battle_of_Kesselsdorf
689;http://en.wikipedia.org/wiki/Battle_of_Falkirk_(1746)
690;http://en.wikipedia.org/wiki/Battle_of_Culloden_Moor
691;http://en.wikipedia.org/wiki/Battle_of_Piacenza
692;http://en.wikipedia.org/wiki/Battle_of_Rottofreddo
693;http://en.wikipedia.org/wiki/Battle_of_Rocoux
694;http://en.wikipedia.org/wiki/Battle_of_Lauffeld
695;http://en.wikipedia.org/wiki/Siege_of_Bergen_op_Zoom_(1747)
696;http://en.wikipedia.org/wiki/Battle_of_Assietta
697;http://en.wikipedia.org/wiki/Battle_of_Havana_(1748)
698;http://en.wikipedia.org/wiki/Siege_of_Maastricht_(1748)
699;http://en.wikipedia.org/wiki/Battle_of_Kathio
700;http://en.wikipedia.org/wiki/Battle_of_Jumonville_Glen
701;http://en.wikipedia.org/wiki/Battle_of_Fort_Necessity
702;http://en.wikipedia.org/wiki/Battle_of_Fort_Beaus%C3%A9jour
703;http://en.wikipedia.org/wiki/Braddock_Expedition
704;http://en.wikipedia.org/wiki/Battle_of_Fort_Bull
705;http://en.wikipedia.org/wiki/Battle_of_Fort_Oswego_(1756)
706;http://en.wikipedia.org/wiki/Battle_of_Lobositz
707;http://en.wikipedia.org/wiki/Battle_of_Reichenberg
708;http://en.wikipedia.org/wiki/Siege_of_Fort_William_Henry
709;http://en.wikipedia.org/wiki/Battle_of_Prague_(1757)
710;http://en.wikipedia.org/wiki/Battle_of_Kol%C3%ADn
711;http://en.wikipedia.org/wiki/Battle_of_Plassey
712;http://en.wikipedia.org/wiki/Battle_of_Hastenbeck
713;http://en.wikipedia.org/wiki/Battle_of_Gross-J%C3%A4gersdorf
714;http://en.wikipedia.org/wiki/Battle_of_Moys
715;http://en.wikipedia.org/wiki/Battle_of_Rossbach
716;http://en.wikipedia.org/wiki/Battle_of_Breslau_(1757)
717;http://en.wikipedia.org/wiki/Battle_of_Leuthen
718;http://en.wikipedia.org/wiki/Battle_of_Cartagena_(1758)
719;http://en.wikipedia.org/wiki/Battle_of_Cuddalore_(1758)
720;http://en.wikipedia.org/wiki/Battle_of_Luisbourg
721;http://en.wikipedia.org/wiki/Battle_of_Krefeld
722;http://en.wikipedia.org/wiki/Battle_of_Domstadtl
723;http://en.wikipedia.org/wiki/Battle_of_Bernetz_Brook
724;http://en.wikipedia.org/wiki/Battle_of_Carillon
725;http://en.wikipedia.org/wiki/Battle_of_Negapatam_(1758)
726;http://en.wikipedia.org/wiki/Battle_of_Zorndorf
727;http://en.wikipedia.org/wiki/Battle_of_Fort_Duquesne
728;http://en.wikipedia.org/wiki/Battle_of_Fort_Ligonier
729;http://en.wikipedia.org/wiki/Battle_of_Hochkirch
730;http://en.wikipedia.org/wiki/Battle_of_Ticonderoga_(1759)
731;http://en.wikipedia.org/wiki/Battle_of_Bergen_(1759)
732;http://en.wikipedia.org/wiki/Battle_of_Kay
733;http://en.wikipedia.org/wiki/Battle_of_Fort_Niagara
734;http://en.wikipedia.org/wiki/Battle_of_Beauport
735;http://en.wikipedia.org/wiki/Battle_of_Minden
736;http://en.wikipedia.org/wiki/Battle_of_Lagos
737;http://en.wikipedia.org/wiki/Battle_of_Kunersdorf
738;http://en.wikipedia.org/wiki/Battle_of_Pondicherry
739;http://en.wikipedia.org/wiki/Battle_of_the_Plains_of_Abraham
740;http://en.wikipedia.org/wiki/Battle_of_Quiberon_Bay
741;http://en.wikipedia.org/wiki/Battle_of_Maxen
742;http://en.wikipedia.org/wiki/Battle_of_Meissen
743;http://en.wikipedia.org/wiki/Battle_of_Sainte-Foy
744;http://en.wikipedia.org/wiki/Battle_of_Landeshut_(1760)
745;http://en.wikipedia.org/wiki/Battle_of_Warburg
746;http://en.wikipedia.org/wiki/Battle_of_Liegnitz_(1760)
747;http://en.wikipedia.org/wiki/Battle_of_the_Thousand_Islands
748;http://en.wikipedia.org/wiki/Battle_of_Torgau
749;http://en.wikipedia.org/wiki/Battle_of_the_Thousand_Islands
750;http://en.wikipedia.org/wiki/Battle_of_Wandiwash
751;http://en.wikipedia.org/wiki/Third_Battle_of_Panipat
752;http://en.wikipedia.org/wiki/Battle_of_Villinghausen
753;http://en.wikipedia.org/wiki/Battle_of_Burkersdorf
754;http://en.wikipedia.org/wiki/Battle_of_Manila_(1762)
755;http://en.wikipedia.org/wiki/Battle_of_Bushy_Run
756;http://en.wikipedia.org/wiki/Battle_of_Buxar
757;http://en.wikipedia.org/wiki/Battle_of_Bang_Rajan
758;http://en.wikipedia.org/wiki/Battle_of_Borgo
759;http://en.wikipedia.org/wiki/Battle_of_Faggeta
760;http://en.wikipedia.org/wiki/Battle_of_Ponte_Novu
761;http://en.wikipedia.org/wiki/Battle_of_Golden_Hill
762;http://en.wikipedia.org/wiki/Battle_of_Chesme
763;http://en.wikipedia.org/wiki/Battle_of_Larga
764;http://en.wikipedia.org/wiki/Battle_of_Kagul
765;http://en.wikipedia.org/wiki/Battle_of_Alamance
766;http://en.wikipedia.org/wiki/Battle_of_Lanckorona
767;http://en.wikipedia.org/wiki/Battle_of_Point_Pleasant
768;http://en.wikipedia.org/wiki/Battle_of_Lexington_and_Concord
769;http://en.wikipedia.org/wiki/Capture_of_Fort_Ticonderoga
770;http://en.wikipedia.org/wiki/Battle_of_Machias
771;http://en.wikipedia.org/wiki/Battle_of_Bunker_Hill
772;http://en.wikipedia.org/wiki/Battle_of_Longue_Pointe
773;http://en.wikipedia.org/wiki/Siege_of_Fort_St._Jean
774;http://en.wikipedia.org/wiki/Battle_of_Great_Bridge
775;http://en.wikipedia.org/wiki/Battle_of_Quebec_(1775)
776;http://en.wikipedia.org/wiki/Battle_of_Moore%27s_Creek_Bridge
777;http://en.wikipedia.org/wiki/Battle_of_the_Rice_Boats
778;http://en.wikipedia.org/wiki/Battle_of_The_Cedars
779;http://en.wikipedia.org/wiki/Battle_of_Trois-Rivi%C3%A8res
780;http://en.wikipedia.org/wiki/Battle_of_Long_Island
781;http://en.wikipedia.org/wiki/Battle_of_Harlem_Heights
782;http://en.wikipedia.org/wiki/Battle_of_Valcour_Island
783;http://en.wikipedia.org/wiki/Battle_of_Pell%27s_Point
784;http://en.wikipedia.org/wiki/Battle_of_White_Plains
785;http://en.wikipedia.org/wiki/Battle_of_Trenton
786;http://en.wikipedia.org/wiki/Battle_of_Fort_Cumberland
787;http://en.wikipedia.org/wiki/Second_Battle_of_Trenton
788;http://en.wikipedia.org/wiki/Battle_of_Princeton
789;http://en.wikipedia.org/wiki/Battle_of_Bound_Brook
790;http://en.wikipedia.org/wiki/Siege_of_Fort_Ticonderoga_(1777)
791;http://en.wikipedia.org/wiki/Battle_of_Oriskany
792;http://en.wikipedia.org/wiki/Battle_of_Bennington
793;http://en.wikipedia.org/wiki/Battle_of_Brandywine
794;http://en.wikipedia.org/wiki/Battle_of_1st_Saratoga
795;http://en.wikipedia.org/wiki/Battle_of_Germantown
796;http://en.wikipedia.org/wiki/Battle_of_Bemis_Heights
797;http://en.wikipedia.org/wiki/Battle_of_Stillwater
798;http://en.wikipedia.org/wiki/Battle_of_Crooked_Billet
799;http://en.wikipedia.org/wiki/Battle_of_Monmouth
800;http://en.wikipedia.org/wiki/Battle_of_Alligator_Bridge
801;http://en.wikipedia.org/wiki/Battle_of_Ushant_(1778)
802;http://en.wikipedia.org/wiki/Battle_of_St._Lucia
803;http://en.wikipedia.org/wiki/First_Battle_of_Tucson
804;http://en.wikipedia.org/wiki/Battle_of_Kettle_Creek
805;http://en.wikipedia.org/wiki/Battle_of_Vincennes
806;http://en.wikipedia.org/wiki/Battle_of_Brier_Creek
807;http://en.wikipedia.org/wiki/Battle_of_Grenada
808;http://en.wikipedia.org/wiki/Battle_of_Stony_Point
809;http://en.wikipedia.org/wiki/Battle_of_Paulus_Hook
810;http://en.wikipedia.org/wiki/Battle_of_Newtown
811;http://en.wikipedia.org/wiki/Battle_of_Fort_Bute
812;http://en.wikipedia.org/wiki/Battle_of_Lake_Pontchartrain
813;http://en.wikipedia.org/wiki/Battle_of_Baton_Rouge_(1779)
814;http://en.wikipedia.org/wiki/Siege_of_Savannah
815;http://en.wikipedia.org/wiki/Battle_of_Cape_St._Vincent_(1780)
816;http://en.wikipedia.org/wiki/Battle_of_Fort_Charlotte
817;http://en.wikipedia.org/wiki/Battle_of_Martinique_(1780)
818;http://en.wikipedia.org/wiki/Battle_of_Pollilur
819;http://en.wikipedia.org/wiki/Siege_of_Charleston
820;http://en.wikipedia.org/wiki/Battle_of_Saint_Louis
821;http://en.wikipedia.org/wiki/Battle_of_Springfield_(1780)
822;http://en.wikipedia.org/wiki/Battle_of_Camden
823;http://en.wikipedia.org/wiki/Battle_of_Fishing_Creek
824;http://en.wikipedia.org/wiki/Battle_of_King%27s_Mountain
825;http://en.wikipedia.org/wiki/Battle_of_Mobile_(1781)
826;http://en.wikipedia.org/wiki/Battle_of_Cowpens
827;http://en.wikipedia.org/wiki/Battle_of_Guilford_Court_House
828;http://en.wikipedia.org/wiki/Battle_of_Porto_Praya
829;http://en.wikipedia.org/wiki/Battle_of_Hobkirk%27s_Hill
830;http://en.wikipedia.org/wiki/Battle_of_Fort_Royal
831;http://en.wikipedia.org/wiki/Battle_of_Pensacola_(1781)
832;http://en.wikipedia.org/wiki/Shirley%27s_Gold_Coast_expedition
833;http://en.wikipedia.org/wiki/Battle_of_Dogger_Bank_(1781)
834;http://en.wikipedia.org/wiki/Battle_of_the_Chesapeake
835;http://en.wikipedia.org/wiki/Battle_of_Groton_Heights
836;http://en.wikipedia.org/wiki/Battle_of_Eutaw_Springs
837;http://en.wikipedia.org/wiki/Battle_of_Yorktown_(1781)
838;http://en.wikipedia.org/wiki/Siege_of_Negapatam
839;http://en.wikipedia.org/wiki/Battle_of_Ushant_(1781)
840;http://en.wikipedia.org/wiki/Battle_of_Fort_Elmina_(1782)
841;http://en.wikipedia.org/wiki/Second_Battle_of_Tucson
842;http://en.wikipedia.org/wiki/Battle_of_St._Kitts
843;http://en.wikipedia.org/wiki/Battle_of_Sadras
844;http://en.wikipedia.org/wiki/Battle_of_Wuchale
845;http://en.wikipedia.org/wiki/Battle_of_the_Saintes
846;http://en.wikipedia.org/wiki/Battle_of_Providien
847;http://en.wikipedia.org/wiki/Battle_of_Negapatam_(1782)
848;http://en.wikipedia.org/wiki/Battle_of_Blue_Licks
849;http://en.wikipedia.org/wiki/Battle_of_Trincomalee
850;http://en.wikipedia.org/wiki/Battle_of_Chillicothe
851;http://en.wikipedia.org/wiki/Battle_of_Cuddalore_(1783)
852;http://en.wikipedia.org/wiki/Fourth_Battle_of_Tucson
853;http://en.wikipedia.org/wiki/Battle_of_Madab
854;http://en.wikipedia.org/wiki/Battle_of_Turnhout_(1789)
855;http://en.wikipedia.org/wiki/Battle_of_Kepaniwai
856;http://en.wikipedia.org/wiki/Battle_of_Fort_Wayne
857;http://en.wikipedia.org/wiki/St._Clair%27s_Defeat
858;http://en.wikipedia.org/wiki/Battle_of_Ziele%C5%84ce
859;http://en.wikipedia.org/wiki/Battle_of_Verdun_(1792)
860;http://en.wikipedia.org/wiki/Battle_of_Valmy
861;http://en.wikipedia.org/wiki/Battle_of_Jemappes
862;http://en.wikipedia.org/wiki/Battle_of_Neerwinden_(1793)
863;http://en.wikipedia.org/wiki/Siege_of_Toulon
864;http://en.wikipedia.org/wiki/Battle_of_M%C3%A9ribel
865;http://en.wikipedia.org/wiki/Battle_of_Hondschoote_(1793)
866;http://en.wikipedia.org/wiki/Battle_of_Wattignies
867;http://en.wikipedia.org/wiki/Battle_of_Kaiserslautern
868;http://en.wikipedia.org/wiki/Battle_of_Rac%C5%82awice
869;http://en.wikipedia.org/wiki/Warsaw_Uprising_(1794)
870;http://en.wikipedia.org/wiki/Wilno_Uprising_(1794)
871;http://en.wikipedia.org/wiki/Battle_of_Boulou
872;http://en.wikipedia.org/wiki/Glorious_First_of_June
873;http://en.wikipedia.org/wiki/Battle_of_Szczekociny
874;http://en.wikipedia.org/wiki/Battle_of_Tourcoing
875;http://en.wikipedia.org/wiki/Battle_of_Fleurus_(1794)
876;http://en.wikipedia.org/wiki/Battle_of_Sprimont
877;http://en.wikipedia.org/wiki/Battle_of_Aldenhoven_(1794)
878;http://en.wikipedia.org/wiki/Battle_of_Fallen_Timbers
879;http://en.wikipedia.org/wiki/Battle_of_Maciejowice
880;http://en.wikipedia.org/wiki/Battle_of_Praga
881;http://en.wikipedia.org/wiki/Battle_of_San_Lorenzo_de_la_Muga
882;http://en.wikipedia.org/wiki/Battle_of_Richmond_Hill
883;http://en.wikipedia.org/wiki/Capture_of_Trincomalee
884;http://en.wikipedia.org/wiki/Battle_of_Muizenberg
885;http://en.wikipedia.org/wiki/Battle_of_Krtsanisi
886;http://en.wikipedia.org/wiki/Battle_of_Loano
887;http://en.wikipedia.org/wiki/Battle_of_Montenotte
888;http://en.wikipedia.org/wiki/Battle_of_Lodi
889;http://en.wikipedia.org/wiki/Battle_of_Derbent
890;http://en.wikipedia.org/wiki/Battle_of_Castiglione
891;http://en.wikipedia.org/wiki/Battle_of_W%C3%BCrzburg
892;http://en.wikipedia.org/wiki/Battle_of_Bassano
893;http://en.wikipedia.org/wiki/Battle_of_the_Bridge_of_Arcole
894;http://en.wikipedia.org/wiki/Battle_of_Millesimo
895;http://en.wikipedia.org/wiki/Battle_of_Mondov%C3%AC
896;http://en.wikipedia.org/wiki/Battle_of_Rivoli
897;http://en.wikipedia.org/wiki/Battle_of_Tagliamento
898;http://en.wikipedia.org/wiki/Battle_of_Neuwied_(1797)
899;http://en.wikipedia.org/wiki/Battle_of_Cape_St_Vincent_(1797)
900;http://en.wikipedia.org/wiki/Battle_of_Camperdown
901;http://en.wikipedia.org/wiki/Battle_of_Ballymore-Eustace
902;http://en.wikipedia.org/wiki/Battle_of_Naas
903;http://en.wikipedia.org/wiki/Battle_of_Kilcullen
904;http://en.wikipedia.org/wiki/Battle_of_Carlow
905;http://en.wikipedia.org/wiki/Battle_of_Tara_Hill
906;http://en.wikipedia.org/wiki/Battle_of_Oulart_Hill
907;http://en.wikipedia.org/wiki/Gibbet_Rath_massacre
908;http://en.wikipedia.org/wiki/Battle_of_Three_Rocks
909;http://en.wikipedia.org/wiki/Battle_of_Bunclody
910;http://en.wikipedia.org/wiki/Battle_of_Tuberneering
911;http://en.wikipedia.org/wiki/Battle_of_New_Ross_(1798)
912;http://en.wikipedia.org/wiki/Battle_of_Antrim
913;http://en.wikipedia.org/wiki/Battle_of_Arklow
914;http://en.wikipedia.org/wiki/Battle_of_Prosperous
915;http://en.wikipedia.org/wiki/Battle_of_Foulksmills
916;http://en.wikipedia.org/wiki/Battle_of_Vinegar_Hill
917;http://en.wikipedia.org/wiki/Battle_of_Ballyellis
918;http://en.wikipedia.org/wiki/Battle_of_the_Pyramids
919;http://en.wikipedia.org/wiki/Battle_of_the_Nile
920;http://en.wikipedia.org/wiki/Battle_of_Castlebar
921;http://en.wikipedia.org/wiki/Battle_of_Ballinamuck
922;http://en.wikipedia.org/wiki/Siege_of_El_Arish
923;http://en.wikipedia.org/wiki/Siege_of_Jaffa
924;http://en.wikipedia.org/wiki/Siege_of_Acre_(1799)
925;http://en.wikipedia.org/wiki/First_Battle_of_Z%C3%BCrich
926;http://en.wikipedia.org/wiki/Battle_of_Trebia_(1799)
927;http://en.wikipedia.org/wiki/Battle_of_Abukir_(1799)
928;http://en.wikipedia.org/wiki/Battle_of_Novi_(1799)
929;http://en.wikipedia.org/wiki/Battle_of_Callantsoog
930;http://en.wikipedia.org/wiki/Battle_of_Krabbendam
931;http://en.wikipedia.org/wiki/Battle_of_Bergen_(1799)
932;http://en.wikipedia.org/wiki/Second_Battle_of_Zurich
933;http://en.wikipedia.org/wiki/Battle_of_Alkmaar_(1799)
934;http://en.wikipedia.org/wiki/Battle_of_Castricum
935;http://en.wikipedia.org/wiki/Battle_of_Engen
936;http://en.wikipedia.org/wiki/Battle_of_Stockach_(1800)
937;http://en.wikipedia.org/wiki/Battle_of_M%C3%B6erskirch
938;http://en.wikipedia.org/wiki/Battle_of_Montebello_(1800)
939;http://en.wikipedia.org/wiki/Battle_of_Marengo
940;http://en.wikipedia.org/wiki/Battle_of_H%C3%B6chst%C3%A4dt_(1800)
941;http://en.wikipedia.org/wiki/Battle_of_Hohenlinden
942;http://en.wikipedia.org/wiki/Battle_of_Pozzolo
